id;age_years;age_years_full;sex;cb;experimenter;order;obj.pair_1_dual_identity;obj.pair_2_dual_identity;obj.pair_1_control;obj.pair_2_control;obj.pair_1_change_of_location;obj.pair_2_change_of_location;consis_1_dual_identity;consis_2_dual_identity;consis_1_control;consis_2_control;consis_1_change_of_location;consis_2_change_of_location;res_c_1_dual_identity;res_c_2_dual_identity;res_c_1_control;res_c_2_control;res_c_1_change_of_location;res_c_2_change_of_location;res_t_1_dual_identity;res_t_2_dual_identity;res_t_1_control;res_t_2_control;res_t_1_change_of_location;res_t_2_change_of_location;c_correct_1_dual_identity;c_correct_2_dual_identity;c_correct_1_control;c_correct_2_control;c_correct_1_change_of_location;c_correct_2_change_of_location;t_correct_1_dual_identity;t_correct_2_dual_identity;t_correct_1_control;t_correct_2_control;t_correct_1_change_of_location;t_correct_2_change_of_location
11;7,17534246575342;7;m;j_11;Joana;acn acn;XC;XC;XC;XC;M0;M0;I;C;C;I;I;C;left;left;left;right;right;left;self;wind;wind;wind;self;self;0;0;0;1;1;0;0;0;0;1;0;1
12;7,90684931506849;7;m;j_12;Joana;nca nca;XC;XC;CX;CX;0M;0M;C;I;I;C;C;I;right;right;left;left;right;right;self;wind;wind;self;self;wind;1;1;1;1;1;1;1;1;1;1;1;1
14;5,23013698630137;5;m;j_14;Joana;nca nca;XC;XC;XC;CX;0M;M0;I;C;C;I;I;C;right;right;right;left;NA;right;self;self;self;wind;NA;wind;1;1;1;1;NA;1;0;1;1;1;NA;0
15;4,36712328767123;4;m;j_15;Joana;nca nca;CX;XC;CX;XC;M0;0M;C;I;I;C;C;I;right;right;NA;NA;right;left;wind;self;NA;NA;wind;self;0;1;NA;NA;1;0;0;0;NA;NA;0;0
16;5,03013698630137;5;f;j_16;Joana;nca nca;XC;XC;CX;CX;0M;0M;I;C;C;I;I;C;right;right;left;left;right;right;wind;self;self;wind;wind;self;1;1;1;1;1;1;1;1;1;1;1;1
17;4,36712328767123;4;f;j_17;Joana;nca nca;XC;CX;CX;XC;0M;M0;I;C;C;I;I;C;left;left;left;left;left;left;wind;wind;wind;wind;self;wind;0;1;1;0;0;0;1;0;0;1;0;0
18;5,89041095890411;5;m;j_18;Joana;acn acn;CX;XC;CX;XC;0M;M0;I;C;C;I;I;C;NA;NA;left;right;right;left;NA;NA;self;wind;wind;self;NA;NA;1;1;1;0;NA;NA;1;1;1;1
19;5,62465753424657;5;f;j_19;Joana;acn acn;CX;CX;XC;XC;M0;0M;C;I;I;C;C;I;left;left;left;right;left;right;self;wind;self;self;self;wind;1;1;0;1;0;1;1;1;0;1;1;1
20;6,67397260273973;6;m;j_20;Joana;nca nca;CX;XC;XC;CX;M0;0M;I;C;C;I;I;C;left;right;right;left;left;right;wind;self;wind;wind;wind;wind;1;1;1;1;0;1;1;1;0;1;1;0
21;5,33972602739726;5;f;j_21;Joana;acn acn;XC;XC;XC;XC;M0;M0;C;I;I;C;C;I;right;right;right;right;left;left;self;wind;wind;self;self;wind;1;1;1;1;0;0;1;1;1;1;1;1
22;6,89041095890411;6;m;j_22;Joana;acn acn;CX;XC;CX;XC;0M;M0;C;I;I;C;C;I;left;right;left;right;right;left;self;wind;wind;self;self;wind;1;1;1;1;1;0;1;1;1;1;1;1
24;4,21643835616438;4;m;j_24;Joana;acn acn;XC;CX;XC;CX;M0;0M;C;I;I;C;C;I;right;left;right;left;right;left;self;wind;wind;self;wind;self;1;1;1;1;1;0;1;1;1;1;0;0
25;4,72602739726027;4;m;j_25;Joana;acn acn;XC;CX;CX;XC;M0;0M;I;C;C;I;I;C;left;left;NA;NA;left;left;self;self;NA;NA;self;self;0;1;NA;NA;0;0;0;1;NA;NA;0;1
26;7,33150684931507;7;f;j_08;Joana;acn acn;XC;CX;CX;XC;M0;0M;C;I;I;C;C;I;NA;NA;left;right;left;right;NA;NA;wind;self;wind;wind;NA;NA;1;1;0;1;NA;NA;1;1;0;1
27;5,61643835616438;5;m;CB_01;Joana;acn acn;XC;XC;CX;CX;M0;M0;C;I;I;C;C;I;right;right;NA;NA;left;left;self;wind;NA;NA;wind;self;1;1;NA;NA;0;0;1;1;NA;NA;0;0
29;7,93424657534247;7;f;CB_03;Joana;acn acn;CX;CX;CX;CX;0M;0M;C;I;I;C;C;I;left;left;left;left;right;right;self;wind;wind;self;self;wind;1;1;1;1;1;1;1;1;1;1;1;1
30;6,49315068493151;6;m;CB_04;Joana;acn acn;XC;XC;XC;XC;M0;M0;C;I;I;C;C;I;NA;NA;right;right;right;right;NA;NA;wind;self;wind;wind;NA;NA;1;1;1;1;NA;NA;1;1;0;1
31;7,64657534246575;7;m;CB_05;Joana;acn acn;XC;CX;CX;XC;M0;0M;C;I;I;C;C;I;right;left;right;right;left;right;self;wind;self;self;self;wind;1;1;0;1;0;1;1;1;0;1;1;1
32;6,46575342465753;6;m;CB_06;Joana;acn acn;CX;XC;XC;CX;0M;M0;C;I;I;C;C;I;right;right;right;left;right;left;self;wind;wind;self;self;wind;0;1;1;1;1;0;1;1;1;1;1;1
33;6,34520547945205;6;f;CB_07;Joana;acn acn;CX;XC;CX;XC;0M;M0;C;I;I;C;C;I;NA;NA;left;right;right;left;NA;NA;wind;self;self;self;NA;NA;1;1;1;0;NA;NA;1;1;1;0
34;5,25205479452055;5;f;CB_08;Joana;acn acn;XC;CX;XC;CX;M0;0M;C;I;I;C;C;I;right;left;NA;NA;left;right;self;wind;NA;NA;wind;self;1;1;NA;NA;0;1;1;1;NA;NA;0;0
35;6,27123287671233;6;m;CB_09;Joana;acn acn;CX;CX;XC;XC;0M;0M;I;C;C;I;I;C;left;left;left;right;right;right;wind;self;wind;wind;wind;self;1;1;0;1;1;1;1;1;0;1;1;1
36;7,33150684931507;7;f;CB_09;Joana;acn acn;CX;CX;XC;XC;0M;0M;I;C;C;I;I;C;left;left;right;right;right;right;wind;self;self;wind;wind;self;1;1;1;1;1;1;1;1;1;1;1;1
37;4,67671232876712;4;f;CB_10;Joana;acn acn;XC;XC;CX;CX;M0;M0;I;C;C;I;I;C;NA;NA;right;left;NA;right;NA;NA;wind;wind;NA;wind;NA;NA;0;1;NA;1;NA;NA;0;1;NA;0
38;6,80821917808219;6;f;CB_17;Joana;nca nca;CX;CX;CX;CX;0M;0M;C;I;I;C;C;I;left;left;left;left;right;right;self;wind;wind;self;self;wind;1;1;1;1;1;1;1;1;1;1;1;1
39;6,84383561643836;6;m;CB_18;Joana;nca nca;XC;XC;XC;XC;M0;M0;C;I;I;C;C;I;right;right;right;right;left;left;self;wind;wind;self;self;wind;1;1;1;1;0;0;1;1;1;1;1;1
41;5,98356164383562;5;m;CB_20;Joana;nca nca;CX;CX;XC;XC;0M;0M;C;I;I;C;C;I;left;left;right;right;right;right;self;wind;wind;self;self;wind;1;1;1;1;1;1;1;1;1;1;1;1
42;6,16712328767123;6;m;CB_21;Joana;nca nca;CX;XC;CX;XC;0M;M0;C;I;I;C;C;I;left;right;right;right;left;left;wind;wind;wind;self;wind;wind;1;1;0;1;0;0;0;1;1;1;0;1
43;5,10136986301370;5;m;CB_22;Isa;nca nca;XC;CX;XC;CX;M0;0M;C;I;I;C;C;I;left;right;right;left;right;left;wind;self;wind;wind;wind;self;0;0;1;1;1;0;0;0;1;0;0;0
44;5,07671232876712;5;m;CB_11;Joana;acn acn;XC;XC;XC;XC;M0;M0;I;C;C;I;I;C;left;NA;right;right;NA;NA;self;NA;self;wind;NA;NA;0;NA;1;1;NA;NA;0;NA;1;1;NA;NA
46;7,85753424657534;7;m;CB_13;Joana;acn acn;CX;XC;XC;CX;0M;M0;I;C;C;I;I;C;left;right;right;left;right;left;wind;self;self;wind;wind;self;1;1;1;1;1;0;1;1;1;1;1;1
47;7,08219178082192;7;f;CB_14;Joana;acn acn;XC;CX;CX;XC;M0;0M;I;C;C;I;I;C;right;left;left;right;left;right;wind;self;self;wind;wind;self;1;1;1;1;0;1;1;1;1;1;1;1
48;6,31232876712329;6;m;CB_23;Isa;nca nca;XC;CX;CX;XC;M0;0M;C;I;I;C;C;I;right;left;left;right;left;right;self;wind;wind;self;wind;wind;1;1;1;1;0;1;1;1;1;1;0;1
49;5,78630136986301;5;m;CB_24;Isa;nca nca;CX;XC;XC;CX;0M;M0;C;I;I;C;C;I;right;left;right;left;right;left;wind;self;wind;self;wind;self;0;0;1;1;1;0;0;0;1;1;0;0
52;7,80000000000000;7;f;CB_27;Isa;nca nca;CX;CX;XC;XC;0M;0M;I;C;C;I;I;C;left;left;NA;right;right;right;wind;self;self;wind;wind;self;1;1;NA;1;1;1;1;1;1;1;1;1
53;6,93424657534247;6;f;CB_28;Isa;nca nca;XC;XC;CX;CX;M0;M0;I;C;C;I;I;C;NA;NA;left;left;left;left;NA;NA;self;wind;self;self;NA;NA;1;1;0;0;NA;NA;1;1;0;1
56;5,43835616438356;5;m;CB_31;Isa;nca nca;CX;XC;XC;CX;0M;M0;I;C;C;I;I;C;left;right;right;left;right;left;wind;self;wind;wind;wind;wind;1;1;1;1;1;0;1;1;0;1;1;0
57;4,94246575342466;4;f;CB_32;Isa;nca nca;XC;CX;CX;XC;M0;0M;I;C;C;I;I;C;NA;NA;left;right;left;left;NA;NA;self;wind;self;wind;NA;NA;1;1;0;0;NA;NA;1;1;0;0
58;6,82191780821918;6;m;CB_15;Isa;acn acn;XC;CX;XC;CX;M0;0M;I;C;C;I;I;C;right;left;right;left;right;right;wind;self;self;self;wind;wind;1;1;1;1;1;1;1;1;1;0;1;0
59;6,67671232876712;6;m;CB_16;Joana;acn acn;CX;XC;CX;XC;0M;M0;I;C;C;I;I;C;left;right;right;left;left;right;wind;self;wind;self;self;wind;1;1;0;0;0;1;1;1;0;0;0;0
60;7,90410958904110;7;f;CB_01;Joana;acn acn;XC;XC;CX;CX;M0;M0;C;I;I;C;C;I;right;right;left;left;left;left;self;wind;wind;self;self;wind;1;1;1;1;0;0;1;1;1;1;1;1
61;5,47397260273973;5;f;CB_02;Joana;acn acn;CX;CX;XC;XC;0M;0M;C;I;I;C;C;I;NA;NA;right;right;left;left;NA;NA;wind;self;wind;self;NA;NA;1;1;0;0;NA;NA;1;1;0;0
62;5,74246575342466;5;m;CB_16;Isa;acn acn;CX;XC;CX;XC;0M;M0;I;C;C;I;I;C;left;right;left;right;right;left;wind;wind;self;wind;wind;wind;1;1;1;1;1;0;1;0;1;1;1;0
63;6,01643835616438;6;m;CB_32;Isa;nca nca;XC;CX;CX;XC;M0;0M;I;C;C;I;I;C;right;left;left;right;left;right;wind;self;self;wind;wind;self;1;1;1;1;0;1;1;1;1;1;1;1
64;7,01917808219178;7;m;CB_04;Isa;acn acn;XC;XC;XC;XC;M0;M0;C;I;I;C;C;I;right;right;left;right;left;left;self;self;self;self;self;self;1;1;0;1;0;0;1;0;0;1;1;0
65;5,01643835616438;5;m;CB_07;Isa;acn acn;CX;XC;CX;XC;0M;M0;C;I;I;C;C;I;NA;left;left;right;left;right;NA;self;wind;self;wind;self;NA;0;1;1;0;1;NA;0;1;1;0;0
67;4,51232876712329;4;f;CB_19;Joana;nca nca;XC;XC;CX;CX;M0;M0;C;I;I;C;C;I;right;right;left;left;right;right;self;wind;wind;self;wind;self;1;1;1;1;1;1;1;1;1;1;0;0
68;5,35616438356164;5;m;CB_30;Joana;nca nca;CX;XC;CX;XC;0M;M0;I;C;C;I;I;C;left;left;left;right;right;left;wind;wind;self;wind;self;self;1;0;1;1;1;0;1;0;1;1;0;1
69;5,35616438356164;5;f;CB_12;Joana;acn acn;CX;CX;CX;CX;0M;0M;I;C;C;I;I;C;right;left;right;left;left;left;self;wind;wind;wind;self;wind;0;1;0;1;0;0;0;0;0;1;0;0
70;6,52602739726027;6;m;CB_25;Joana;nca nca;XC;XC;XC;XC;M0;M0;I;C;C;I;I;C;right;left;right;right;left;left;wind;wind;self;wind;wind;self;1;0;1;1;0;0;1;0;1;1;1;1
71;4,39726027397260;4;m;CB_26;Joana;nca nca;CX;CX;CX;CX;0M;0M;I;C;C;I;I;C;right;right;left;left;NA;NA;self;wind;self;wind;NA;NA;0;0;1;1;NA;NA;0;0;1;1;NA;NA
74;4,32602739726027;4;m;CB_31;Joana;nca nca;CX;XC;XC;CX;0M;M0;I;C;C;I;I;C;right;left;right;left;left;left;self;wind;self;wind;self;wind;0;0;1;1;0;0;0;0;1;1;0;0
75;4,03013698630137;4;m;CB_27;Isa;nca nca;CX;CX;XC;XC;0M;0M;I;C;C;I;I;C;left;left;NA;NA;left;left;wind;wind;NA;NA;self;wind;1;1;NA;NA;0;0;1;0;NA;NA;0;0
76;6,15890410958904;6;f;CB_28;Isa;nca nca;XC;XC;CX;CX;M0;M0;I;C;C;I;I;C;right;right;left;left;left;left;wind;self;self;wind;wind;self;1;1;1;1;0;0;1;1;1;1;1;1
77;7,71780821917808;7;m;CB_24;Eva;nca nca;CX;XC;XC;CX;0M;M0;C;I;I;C;C;I;left;right;right;left;right;left;self;wind;wind;self;self;wind;1;1;1;1;1;0;1;1;1;1;1;1
78;6,78356164383562;6;m;CB_23;Eva;nca nca;XC;CX;CX;XC;M0;0M;C;I;I;C;C;I;right;left;left;right;left;right;self;wind;wind;self;self;wind;1;1;1;1;0;1;1;1;1;1;1;1
79;5,72054794520548;5;f;CB_22;Joana;nca nca;XC;CX;XC;CX;M0;0M;C;I;I;C;C;I;right;left;right;left;left;right;self;wind;wind;self;wind;wind;1;1;1;1;0;1;1;1;1;1;0;1
80;4,05753424657534;4;f;CB_21;Eva;nca nca;CX;XC;CX;XC;0M;M0;C;I;I;C;C;I;right;left;NA;NA;left;right;wind;self;NA;NA;wind;wind;0;0;NA;NA;0;1;0;0;NA;NA;0;1
81;4,33424657534247;4;f;CB_20;Eva;nca nca;CX;CX;XC;XC;0M;0M;C;I;I;C;C;I;left;left;right;right;left;left;self;self;wind;wind;wind;wind;1;1;1;1;0;0;1;0;1;0;0;1
82;7,67671232876712;7;m;CB_18;Eva;nca nca;XC;XC;XC;XC;M0;M0;C;I;I;C;C;I;right;right;right;right;left;left;self;wind;wind;self;wind;wind;1;1;1;1;0;0;1;1;1;1;0;1
84;4,23835616438356;4;f;CB_15;Isa;acn acn;XC;CX;XC;CX;M0;0M;I;C;C;I;I;C;NA;NA;right;left;right;left;NA;NA;self;wind;self;wind;NA;NA;1;1;1;0;NA;NA;1;1;0;0
85;7,47397260273973;7;f;CB_14;Isa;acn acn;XC;CX;CX;XC;M0;0M;I;C;C;I;I;C;right;left;left;right;left;right;wind;self;self;wind;wind;self;1;1;1;1;0;1;1;1;1;1;1;1
87;4,62739726027397;4;m;CB_11;Isa;acn acn;XC;XC;XC;XC;M0;M0;I;C;C;I;I;C;right;right;right;right;left;left;wind;self;self;wind;self;wind;1;1;1;1;0;0;1;1;1;1;0;0
88;6,60821917808219;6;f;CB_09;Isa;acn acn;CX;CX;XC;XC;0M;0M;I;C;C;I;I;C;left;left;left;left;right;left;wind;self;wind;self;wind;wind;1;1;0;0;1;0;1;1;0;0;1;0
89;4,15616438356164;4;f;CB_08;Eva;acn acn;XC;CX;XC;CX;M0;0M;C;I;I;C;C;I;NA;NA;right;right;right;left;NA;NA;wind;wind;wind;wind;NA;NA;1;0;1;0;NA;NA;1;0;0;1
90;5,28493150684931;5;f;CB_06;Isa;acn acn;CX;XC;XC;CX;0M;M0;C;I;I;C;C;I;left;right;NA;NA;right;left;self;wind;NA;NA;self;wind;1;1;NA;NA;1;0;1;1;NA;NA;1;1
91;7,49863013698630;7;f;CB_05;Eva;acn acn;XC;CX;CX;XC;M0;0M;C;I;I;C;C;I;right;left;right;left;left;right;self;wind;self;wind;self;self;1;1;0;0;0;1;1;1;0;0;1;0
92;4,70684931506849;4;f;CB_03;Isa;acn acn;CX;CX;CX;CX;0M;0M;C;I;I;C;C;I;left;left;left;left;right;right;self;wind;wind;self;wind;self;1;1;1;1;1;1;1;1;1;1;0;0
93;6,66849315068493;6;f;CB_16;Eva;acn acn;CX;XC;CX;XC;0M;M0;I;C;C;I;I;C;left;right;right;right;right;left;wind;self;wind;wind;wind;self;1;1;0;1;1;0;1;1;0;1;1;1
94;6,79726027397260;6;m;CB_10;Eva;acn acn;XC;XC;CX;CX;M0;M0;I;C;C;I;I;C;right;right;left;left;left;left;self;self;self;wind;wind;self;1;1;1;1;0;0;0;1;1;1;1;1
95;6,21369863013699;6;f;CB_30;Eva;nca nca;CX;XC;CX;XC;0M;M0;I;C;C;I;I;C;left;right;NA;NA;right;left;wind;self;NA;NA;wind;self;1;1;NA;NA;1;0;1;1;NA;NA;1;1
96;7,95616438356164;7;f;CB_12;Isa;acn acn;CX;CX;CX;CX;0M;0M;I;C;C;I;I;C;left;left;left;left;right;right;wind;self;self;wind;wind;self;1;1;1;1;1;1;1;1;1;1;1;1
97;7,34520547945205;7;f;CB_29;Eva;nca nca;XC;CX;XC;CX;M0;0M;I;C;C;I;I;C;right;left;left;right;left;right;wind;self;wind;self;wind;self;1;1;0;0;0;1;1;1;0;0;1;1
100;6,64383561643836;6;m;CB_01;Eva;acn acn;XC;XC;CX;CX;M0;M0;C;I;I;C;C;I;right;right;NA;NA;left;right;self;wind;NA;NA;self;self;1;1;NA;NA;0;1;1;1;NA;NA;1;0
102;6,09589041095890;6;f;CB_04;Isa;acn acn;XC;XC;XC;XC;M0;M0;C;I;I;C;C;I;right;right;right;right;left;left;self;wind;wind;self;self;wind;1;1;1;1;0;0;1;1;1;1;1;1
104;6,43013698630137;6;f;CB_06;Eva;acn acn;CX;XC;XC;CX;0M;M0;C;I;I;C;C;I;left;right;right;left;right;left;wind;wind;wind;wind;wind;wind;1;1;1;1;1;0;0;1;1;0;0;1
105;4,96164383561644;4;f;CB_06;Isa;acn acn;CX;XC;XC;CX;0M;M0;C;I;I;C;C;I;NA;NA;left;right;right;left;NA;NA;wind;self;self;wind;NA;NA;0;0;1;0;NA;NA;1;1;1;1
106;6,40821917808219;6;m;CB_08;Eva;acn acn;XC;CX;XC;CX;M0;0M;C;I;I;C;C;I;right;left;right;left;right;right;self;wind;wind;self;self;wind;1;1;1;1;1;1;1;1;1;1;1;1
107;7,88493150684932;7;f;CB_09;Isa;acn acn;CX;CX;XC;XC;0M;0M;I;C;C;I;I;C;left;left;right;right;right;right;wind;self;self;wind;wind;self;1;1;1;1;1;1;1;1;1;1;1;1
108;5,50410958904110;5;f;CB_11;Isa;acn acn;XC;XC;XC;XC;M0;M0;I;C;C;I;I;C;left;right;right;right;right;right;self;self;wind;wind;self;wind;0;1;1;1;1;1;0;1;0;1;0;0
109;4,63287671232877;4;m;CB_14;Eva;acn acn;XC;CX;CX;XC;M0;0M;I;C;C;I;I;C;right;right;right;left;NA;left;self;wind;self;self;NA;wind;1;0;0;0;NA;0;0;0;1;0;NA;0
112;5,36712328767123;5;f;CB_18;Eva;nca nca;XC;XC;XC;XC;M0;M0;C;I;I;C;C;I;NA;NA;NA;NA;left;left;NA;NA;NA;NA;wind;self;NA;NA;NA;NA;0;0;NA;NA;NA;NA;0;0
114;4,54520547945206;4;m;CB_20;Eva;nca nca;CX;CX;XC;XC;0M;0M;C;I;I;C;C;I;NA;NA;NA;NA;left;right;NA;NA;NA;NA;self;wind;NA;NA;NA;NA;0;1;NA;NA;NA;NA;1;1
115;4,94246575342466;4;m;CB_21;Eva;nca nca;CX;XC;CX;XC;0M;M0;C;I;I;C;C;I;right;left;NA;NA;left;right;wind;wind;NA;NA;wind;wind;0;0;NA;NA;0;1;0;1;NA;NA;0;1
117;7,55616438356164;7;f;CB_22;Isa;nca nca;XC;CX;XC;CX;M0;0M;C;I;I;C;C;I;right;left;right;left;left;right;self;wind;wind;self;self;wind;1;1;1;1;0;1;1;1;1;1;1;1
119;5,43013698630137;5;f;CB_24;Eva;nca nca;CX;XC;XC;CX;0M;M0;C;I;I;C;C;I;left;right;right;left;right;left;self;wind;wind;self;self;wind;1;1;1;1;1;0;1;1;1;1;1;1
120;5,41917808219178;5;m;CB_25;Eva;nca nca;XC;XC;XC;XC;M0;M0;I;C;C;I;I;C;right;right;right;right;right;left;wind;self;self;wind;self;self;1;1;1;1;1;0;1;1;1;1;0;1
122;6,52328767123288;6;m;CB_26;Isa;nca nca;CX;CX;CX;CX;0M;0M;I;C;C;I;I;C;left;right;right;left;left;left;wind;wind;wind;wind;self;wind;1;0;0;1;0;0;1;0;0;1;0;0
124;4,70958904109589;4;f;CB_28;Isa;nca nca;XC;XC;CX;CX;M0;M0;I;C;C;I;I;C;left;left;left;right;right;right;self;wind;self;self;self;self;0;0;1;0;1;1;0;0;1;0;0;1
125;7,10684931506849;7;m;CB_31;Isa;nca nca;CX;XC;XC;CX;0M;M0;I;C;C;I;I;C;left;right;right;left;right;left;wind;self;self;wind;wind;self;1;1;1;1;1;0;1;1;1;1;1;1
126;5,35342465753425;5;f;CB_32;Isa;nca nca;XC;CX;CX;XC;M0;0M;I;C;C;I;I;C;NA;NA;left;right;left;right;NA;NA;self;wind;wind;self;NA;NA;1;1;0;1;NA;NA;1;1;1;1
127;4,29589041095890;4;f;CB_27;Isa;nca nca;CX;CX;XC;XC;0M;0M;I;C;C;I;I;C;left;left;left;left;left;left;wind;self;wind;wind;self;wind;1;1;0;0;0;0;1;1;0;1;0;0
128;4,28219178082192;4;f;CB_26;Isa;nca nca;CX;CX;CX;CX;0M;0M;I;C;C;I;I;C;left;left;left;left;left;left;self;self;self;wind;self;wind;1;1;1;1;0;0;0;1;1;1;0;0
129;4,79452054794521;4;m;CB_23;Isa;nca nca;XC;CX;CX;XC;M0;0M;C;I;I;C;C;I;right;left;right;right;left;right;self;self;self;self;self;self;1;1;0;1;0;1;1;0;0;1;1;0
130;7,58356164383562;7;f;CB_20;Isa;nca nca;CX;CX;XC;XC;0M;0M;C;I;I;C;C;I;left;left;right;right;right;right;self;wind;wind;self;self;self;1;1;1;1;1;1;1;1;1;1;1;0
131;5,31780821917808;5;m;CB_19;Eva;nca nca;XC;XC;CX;CX;M0;M0;C;I;I;C;C;I;right;right;left;left;left;left;self;wind;self;self;wind;wind;1;1;1;1;0;0;1;1;0;1;0;1
132;5,90958904109589;5;m;CB_18;Isa;nca nca;XC;XC;XC;XC;M0;M0;C;I;I;C;C;I;right;right;left;right;left;left;self;wind;self;self;wind;wind;1;1;0;1;0;0;1;1;0;1;0;1
133;4,79178082191781;4;m;CB_15;Isa;acn acn;XC;CX;XC;CX;M0;0M;I;C;C;I;I;C;right;left;right;left;left;NA;wind;self;self;wind;wind;NA;1;1;1;1;0;NA;1;1;1;1;1;NA
134;4,98904109589041;4;f;CB_15;Eva;acn acn;XC;CX;XC;CX;M0;0M;I;C;C;I;I;C;right;left;right;left;left;right;wind;self;self;wind;wind;self;1;1;1;1;0;1;1;1;1;1;1;1
135;6,93972602739726;6;f;CB_05;Eva;acn acn;XC;CX;CX;XC;M0;0M;C;I;I;C;C;I;right;left;left;right;left;right;self;wind;wind;self;self;wind;1;1;1;1;0;1;1;1;1;1;1;1
137;7,07945205479452;7;f;CB_02;Eva;acn acn;CX;CX;XC;XC;0M;0M;C;I;I;C;C;I;left;left;right;right;right;right;self;wind;wind;self;self;wind;1;1;1;1;1;1;1;1;1;1;1;1
138;4,84109589041096;4;m;CB_30;Eva;nca nca;CX;XC;CX;XC;0M;M0;I;C;C;I;I;C;right;left;left;right;left;right;wind;wind;wind;wind;wind;wind;0;0;1;1;0;1;1;0;0;1;1;0
139;4,45753424657534;4;f;CB_12;Eva;acn acn;CX;CX;CX;CX;0M;0M;I;C;C;I;I;C;left;left;right;left;right;left;wind;self;wind;wind;wind;wind;1;1;0;1;1;0;1;1;0;1;1;0
142;7,02185792349727;7;m;CB_30;Isa;nca nca;CX;XC;CX;XC;0M;M0;I;C;C;I;I;C;left;right;left;right;right;left;wind;self;self;wind;wind;self;1;1;1;1;1;0;1;1;1;1;1;1
143;5,12602739726027;5;m;CB_12;Eva;acn acn;CX;CX;CX;CX;0M;0M;I;C;C;I;I;C;NA;NA;left;left;right;left;NA;NA;self;wind;wind;wind;NA;NA;1;1;1;0;NA;NA;1;1;1;0
144;4,73698630136986;4;f;CB_13;Eva;acn acn;CX;XC;XC;CX;0M;M0;I;C;C;I;I;C;left;right;right;left;left;right;wind;self;self;wind;self;wind;1;1;1;1;0;1;1;1;1;1;0;0
145;6,42739726027397;6;m;CB_17;Eva;nca nca;CX;CX;CX;CX;0M;0M;C;I;I;C;C;I;left;left;left;left;right;right;self;wind;wind;self;self;self;1;1;1;1;1;1;1;1;1;1;1;0
146;6,00819672131148;6;f;CB_29;Eva;nca nca;XC;CX;XC;CX;M0;0M;I;C;C;I;I;C;right;left;right;left;left;right;wind;wind;self;wind;wind;self;1;1;1;1;0;1;1;0;1;1;1;1
149;7,89863013698630;7;f;CB_30;Eva;nca nca;CX;XC;CX;XC;0M;M0;I;C;C;I;I;C;left;right;left;right;right;left;wind;self;self;wind;wind;self;1;1;1;1;1;0;1;1;1;1;1;1
150;5,34246575342466;5;m;CB_01;Eva;acn acn;XC;XC;CX;CX;M0;M0;C;I;I;C;C;I;right;NA;NA;NA;right;right;self;NA;NA;NA;wind;self;1;NA;NA;NA;1;1;1;NA;NA;NA;0;0
152;5,04371584699454;5;f;CB_02;Eva;acn acn;CX;CX;XC;XC;0M;0M;C;I;I;C;C;I;left;left;left;right;right;right;self;wind;self;self;wind;wind;1;1;0;1;1;1;1;1;0;1;0;1
153;4,80547945205479;4;f;CB_03;Isa;acn acn;CX;CX;CX;CX;0M;0M;C;I;I;C;C;I;right;right;right;left;left;left;wind;self;self;self;wind;self;0;0;0;1;0;0;0;0;0;1;0;0
154;6,31780821917808;6;m;CB_04;Isa;acn acn;XC;XC;XC;XC;M0;M0;C;I;I;C;C;I;NA;NA;right;right;left;left;NA;NA;wind;self;wind;wind;NA;NA;1;1;0;0;NA;NA;1;1;0;1
155;6,03278688524590;6;m;CB_07;Isa;acn acn;CX;XC;CX;XC;0M;M0;C;I;I;C;C;I;right;left;left;right;left;right;wind;self;self;self;wind;self;0;0;1;1;0;1;0;0;0;1;0;0
156;7,86849315068493;7;f;CB_10;Isa;acn acn;XC;XC;CX;CX;M0;M0;I;C;C;I;I;C;right;right;left;left;left;left;wind;wind;wind;wind;wind;wind;1;1;1;1;0;0;1;0;0;1;1;0
157;6,41369863013699;6;f;CB_13;Eva;acn acn;CX;XC;XC;CX;0M;M0;I;C;C;I;I;C;left;right;right;left;right;right;wind;self;self;wind;wind;self;1;1;1;1;1;1;1;1;1;1;1;1
158;5,22739726027397;5;m;CB_17;Isa;nca nca;CX;CX;CX;CX;0M;0M;C;I;I;C;C;I;NA;NA;left;left;right;left;NA;NA;wind;self;wind;self;NA;NA;1;1;1;0;NA;NA;1;1;0;0
159;5,54794520547945;5;f;CB_19;Isa;nca nca;XC;XC;CX;CX;M0;M0;C;I;I;C;C;I;right;right;left;left;left;left;self;wind;wind;self;wind;wind;1;1;1;1;0;0;1;1;1;1;0;1
161;7,07377049180328;7;f;CB_29;Isa;nca nca;XC;CX;XC;CX;M0;0M;I;C;C;I;I;C;right;left;right;left;left;right;wind;self;self;wind;wind;self;1;1;1;1;0;1;1;1;1;1;1;1
162;7,36986301369863;7;f;CB_25;Isa;nca nca;XC;XC;XC;XC;M0;M0;I;C;C;I;I;C;right;right;right;right;left;left;wind;self;self;wind;wind;wind;1;1;1;1;0;0;1;1;1;1;1;0
163;4,43287671232877;4;f;CB_02;Eva;acn acn;CX;CX;XC;XC;0M;0M;C;I;I;C;C;I;right;left;right;right;right;right;wind;wind;wind;wind;wind;wind;0;1;1;1;1;1;0;1;1;0;0;1
164;7,23561643835616;7;m;CB_03;Eva;acn acn;CX;CX;CX;CX;0M;0M;C;I;I;C;C;I;left;left;left;left;right;right;self;wind;wind;self;self;wind;1;1;1;1;1;1;1;1;1;1;1;1
165;4,12841530054645;4;f;CB_05;Eva;acn acn;XC;CX;CX;XC;M0;0M;C;I;I;C;C;I;right;left;left;right;right;NA;self;wind;wind;self;wind;NA;1;1;1;1;1;NA;1;1;1;1;0;NA
167;7,69315068493151;7;m;CB_08;Eva;acn acn;XC;CX;XC;CX;M0;0M;C;I;I;C;C;I;right;left;left;left;left;right;self;wind;self;self;self;wind;1;1;0;1;0;1;1;1;0;1;1;1
168;5,46575342465753;5;f;CB_07;Eva;acn acn;CX;XC;CX;XC;0M;M0;C;I;I;C;C;I;left;right;left;right;right;left;self;wind;wind;self;wind;wind;1;1;1;1;1;0;1;1;1;1;0;1
169;5,17808219178082;5;f;CB_08;Eva;acn acn;XC;CX;XC;CX;M0;0M;C;I;I;C;C;I;right;left;right;left;left;right;self;wind;wind;self;self;wind;1;1;1;1;0;1;1;1;1;1;1;1
170;7,40821917808219;7;m;CB_10;Eva;acn acn;XC;XC;CX;CX;M0;M0;I;C;C;I;I;C;right;right;left;left;left;left;wind;self;self;wind;wind;self;1;1;1;1;0;0;1;1;1;1;1;1
