id;age_years;age_years_full;sex;cb;experimenter;order;condition;trial;obj.pair;consis;hierarchy_dx_coin;hierarchy_x_coin;fb_control;res_c;res_t;c_correct;t_correct
11;7,17534246575342;7;m;j_11;Joana;acn acn;dual_identity;1;XC;I;1;1;1;left;self;0;0
11;7,17534246575342;7;m;j_11;Joana;acn acn;dual_identity;2;XC;C;1;1;1;left;wind;0;0
11;7,17534246575342;7;m;j_11;Joana;acn acn;control;1;XC;C;1;1;NA;left;wind;0;0
11;7,17534246575342;7;m;j_11;Joana;acn acn;control;2;XC;I;1;1;NA;right;wind;1;1
11;7,17534246575342;7;m;j_11;Joana;acn acn;change_of_location;1;M0;I;1;1;1;right;self;1;0
11;7,17534246575342;7;m;j_11;Joana;acn acn;change_of_location;2;M0;C;1;1;1;left;self;0;1
12;7,90684931506849;7;m;j_12;Joana;nca nca;dual_identity;1;XC;C;1;1;1;right;self;1;1
12;7,90684931506849;7;m;j_12;Joana;nca nca;dual_identity;2;XC;I;1;1;1;right;wind;1;1
12;7,90684931506849;7;m;j_12;Joana;nca nca;control;1;CX;I;1;1;NA;left;wind;1;1
12;7,90684931506849;7;m;j_12;Joana;nca nca;control;2;CX;C;1;1;NA;left;self;1;1
12;7,90684931506849;7;m;j_12;Joana;nca nca;change_of_location;1;0M;C;1;1;1;right;self;1;1
12;7,90684931506849;7;m;j_12;Joana;nca nca;change_of_location;2;0M;I;1;1;1;right;wind;1;1
14;5,23013698630137;5;m;j_14;Joana;nca nca;dual_identity;1;XC;I;1;1;1;right;self;1;0
14;5,23013698630137;5;m;j_14;Joana;nca nca;dual_identity;2;XC;C;1;1;1;right;self;1;1
14;5,23013698630137;5;m;j_14;Joana;nca nca;control;1;XC;C;1;1;NA;right;self;1;1
14;5,23013698630137;5;m;j_14;Joana;nca nca;control;2;CX;I;1;1;NA;left;wind;1;1
14;5,23013698630137;5;m;j_14;Joana;nca nca;change_of_location;1;0M;I;1;1;0;NA;NA;NA;NA
14;5,23013698630137;5;m;j_14;Joana;nca nca;change_of_location;2;M0;C;1;1;1;right;wind;1;0
15;4,36712328767123;4;m;j_15;Joana;nca nca;dual_identity;1;CX;C;1;0;1;right;wind;0;0
15;4,36712328767123;4;m;j_15;Joana;nca nca;dual_identity;2;XC;I;1;0;1;right;self;1;0
15;4,36712328767123;4;m;j_15;Joana;nca nca;control;1;CX;I;1;0;NA;NA;NA;NA;NA
15;4,36712328767123;4;m;j_15;Joana;nca nca;control;2;XC;C;1;0;NA;NA;NA;NA;NA
15;4,36712328767123;4;m;j_15;Joana;nca nca;change_of_location;1;M0;C;1;0;1;right;wind;1;0
15;4,36712328767123;4;m;j_15;Joana;nca nca;change_of_location;2;0M;I;1;0;1;left;self;0;0
16;5,03013698630137;5;f;j_16;Joana;nca nca;dual_identity;1;XC;I;1;1;1;right;wind;1;1
16;5,03013698630137;5;f;j_16;Joana;nca nca;dual_identity;2;XC;C;1;1;1;right;self;1;1
16;5,03013698630137;5;f;j_16;Joana;nca nca;control;1;CX;C;1;1;NA;left;self;1;1
16;5,03013698630137;5;f;j_16;Joana;nca nca;control;2;CX;I;1;1;NA;left;wind;1;1
16;5,03013698630137;5;f;j_16;Joana;nca nca;change_of_location;1;0M;I;1;1;1;right;wind;1;1
16;5,03013698630137;5;f;j_16;Joana;nca nca;change_of_location;2;0M;C;1;1;1;right;self;1;1
17;4,36712328767123;4;f;j_17;Joana;nca nca;dual_identity;1;XC;I;1;1;1;left;wind;0;1
17;4,36712328767123;4;f;j_17;Joana;nca nca;dual_identity;2;CX;C;1;1;1;left;wind;1;0
17;4,36712328767123;4;f;j_17;Joana;nca nca;control;1;CX;C;1;1;NA;left;wind;1;0
17;4,36712328767123;4;f;j_17;Joana;nca nca;control;2;XC;I;1;1;NA;left;wind;0;1
17;4,36712328767123;4;f;j_17;Joana;nca nca;change_of_location;1;0M;I;1;1;1;left;self;0;0
17;4,36712328767123;4;f;j_17;Joana;nca nca;change_of_location;2;M0;C;1;1;1;left;wind;0;0
18;5,89041095890411;5;m;j_18;Joana;acn acn;dual_identity;1;CX;I;0;1;1;NA;NA;NA;NA
18;5,89041095890411;5;m;j_18;Joana;acn acn;dual_identity;2;XC;C;0;1;1;NA;NA;NA;NA
18;5,89041095890411;5;m;j_18;Joana;acn acn;control;1;CX;C;0;1;NA;left;self;1;1
18;5,89041095890411;5;m;j_18;Joana;acn acn;control;2;XC;I;0;1;NA;right;wind;1;1
18;5,89041095890411;5;m;j_18;Joana;acn acn;change_of_location;1;0M;I;0;1;1;right;wind;1;1
18;5,89041095890411;5;m;j_18;Joana;acn acn;change_of_location;2;M0;C;0;1;1;left;self;0;1
19;5,62465753424657;5;f;j_19;Joana;acn acn;dual_identity;1;CX;C;1;1;1;left;self;1;1
19;5,62465753424657;5;f;j_19;Joana;acn acn;dual_identity;2;CX;I;1;1;1;left;wind;1;1
19;5,62465753424657;5;f;j_19;Joana;acn acn;control;1;XC;I;1;1;NA;left;self;0;0
19;5,62465753424657;5;f;j_19;Joana;acn acn;control;2;XC;C;1;1;NA;right;self;1;1
19;5,62465753424657;5;f;j_19;Joana;acn acn;change_of_location;1;M0;C;1;1;1;left;self;0;1
19;5,62465753424657;5;f;j_19;Joana;acn acn;change_of_location;2;0M;I;1;1;1;right;wind;1;1
20;6,67397260273973;6;m;j_20;Joana;nca nca;dual_identity;1;CX;I;1;1;1;left;wind;1;1
20;6,67397260273973;6;m;j_20;Joana;nca nca;dual_identity;2;XC;C;1;1;1;right;self;1;1
20;6,67397260273973;6;m;j_20;Joana;nca nca;control;1;XC;C;1;1;NA;right;wind;1;0
20;6,67397260273973;6;m;j_20;Joana;nca nca;control;2;CX;I;1;1;NA;left;wind;1;1
20;6,67397260273973;6;m;j_20;Joana;nca nca;change_of_location;1;M0;I;1;1;1;left;wind;0;1
20;6,67397260273973;6;m;j_20;Joana;nca nca;change_of_location;2;0M;C;1;1;1;right;wind;1;0
21;5,33972602739726;5;f;j_21;Joana;acn acn;dual_identity;1;XC;C;1;1;1;right;self;1;1
21;5,33972602739726;5;f;j_21;Joana;acn acn;dual_identity;2;XC;I;1;1;1;right;wind;1;1
21;5,33972602739726;5;f;j_21;Joana;acn acn;control;1;XC;I;1;1;NA;right;wind;1;1
21;5,33972602739726;5;f;j_21;Joana;acn acn;control;2;XC;C;1;1;NA;right;self;1;1
21;5,33972602739726;5;f;j_21;Joana;acn acn;change_of_location;1;M0;C;1;1;1;left;self;0;1
21;5,33972602739726;5;f;j_21;Joana;acn acn;change_of_location;2;M0;I;1;1;1;left;wind;0;1
22;6,89041095890411;6;m;j_22;Joana;acn acn;dual_identity;1;CX;C;1;1;1;left;self;1;1
22;6,89041095890411;6;m;j_22;Joana;acn acn;dual_identity;2;XC;I;1;1;1;right;wind;1;1
22;6,89041095890411;6;m;j_22;Joana;acn acn;control;1;CX;I;1;1;NA;left;wind;1;1
22;6,89041095890411;6;m;j_22;Joana;acn acn;control;2;XC;C;1;1;NA;right;self;1;1
22;6,89041095890411;6;m;j_22;Joana;acn acn;change_of_location;1;0M;C;1;1;1;right;self;1;1
22;6,89041095890411;6;m;j_22;Joana;acn acn;change_of_location;2;M0;I;1;1;1;left;wind;0;1
24;4,21643835616438;4;m;j_24;Joana;acn acn;dual_identity;1;XC;C;1;1;1;right;self;1;1
24;4,21643835616438;4;m;j_24;Joana;acn acn;dual_identity;2;CX;I;1;1;1;left;wind;1;1
24;4,21643835616438;4;m;j_24;Joana;acn acn;control;1;XC;I;1;1;NA;right;wind;1;1
24;4,21643835616438;4;m;j_24;Joana;acn acn;control;2;CX;C;1;1;NA;left;self;1;1
24;4,21643835616438;4;m;j_24;Joana;acn acn;change_of_location;1;M0;C;1;1;1;right;wind;1;0
24;4,21643835616438;4;m;j_24;Joana;acn acn;change_of_location;2;0M;I;1;1;1;left;self;0;0
25;4,72602739726027;4;m;j_25;Joana;acn acn;dual_identity;1;XC;I;1;0;1;left;self;0;0
25;4,72602739726027;4;m;j_25;Joana;acn acn;dual_identity;2;CX;C;1;0;1;left;self;1;1
25;4,72602739726027;4;m;j_25;Joana;acn acn;control;1;CX;C;1;0;NA;NA;NA;NA;NA
25;4,72602739726027;4;m;j_25;Joana;acn acn;control;2;XC;I;1;0;NA;NA;NA;NA;NA
25;4,72602739726027;4;m;j_25;Joana;acn acn;change_of_location;1;M0;I;1;0;1;left;self;0;0
25;4,72602739726027;4;m;j_25;Joana;acn acn;change_of_location;2;0M;C;1;0;1;left;self;0;1
26;7,33150684931507;7;f;j_08;Joana;acn acn;dual_identity;1;XC;C;0;1;1;NA;NA;NA;NA
26;7,33150684931507;7;f;j_08;Joana;acn acn;dual_identity;2;CX;I;0;1;1;NA;NA;NA;NA
26;7,33150684931507;7;f;j_08;Joana;acn acn;control;1;CX;I;0;1;NA;left;wind;1;1
26;7,33150684931507;7;f;j_08;Joana;acn acn;control;2;XC;C;0;1;NA;right;self;1;1
26;7,33150684931507;7;f;j_08;Joana;acn acn;change_of_location;1;M0;C;0;1;1;left;wind;0;0
26;7,33150684931507;7;f;j_08;Joana;acn acn;change_of_location;2;0M;I;0;1;1;right;wind;1;1
27;5,61643835616438;5;m;CB_01;Joana;acn acn;dual_identity;1;XC;C;1;0;1;right;self;1;1
27;5,61643835616438;5;m;CB_01;Joana;acn acn;dual_identity;2;XC;I;1;0;1;right;wind;1;1
27;5,61643835616438;5;m;CB_01;Joana;acn acn;control;1;CX;I;1;0;NA;NA;NA;NA;NA
27;5,61643835616438;5;m;CB_01;Joana;acn acn;control;2;CX;C;1;0;NA;NA;NA;NA;NA
27;5,61643835616438;5;m;CB_01;Joana;acn acn;change_of_location;1;M0;C;1;0;1;left;wind;0;0
27;5,61643835616438;5;m;CB_01;Joana;acn acn;change_of_location;2;M0;I;1;0;1;left;self;0;0
29;7,93424657534247;7;f;CB_03;Joana;acn acn;dual_identity;1;CX;C;1;1;1;left;self;1;1
29;7,93424657534247;7;f;CB_03;Joana;acn acn;dual_identity;2;CX;I;1;1;1;left;wind;1;1
29;7,93424657534247;7;f;CB_03;Joana;acn acn;control;1;CX;I;1;1;NA;left;wind;1;1
29;7,93424657534247;7;f;CB_03;Joana;acn acn;control;2;CX;C;1;1;NA;left;self;1;1
29;7,93424657534247;7;f;CB_03;Joana;acn acn;change_of_location;1;0M;C;1;1;1;right;self;1;1
29;7,93424657534247;7;f;CB_03;Joana;acn acn;change_of_location;2;0M;I;1;1;1;right;wind;1;1
30;6,49315068493151;6;m;CB_04;Joana;acn acn;dual_identity;1;XC;C;0;1;1;NA;NA;NA;NA
30;6,49315068493151;6;m;CB_04;Joana;acn acn;dual_identity;2;XC;I;0;1;1;NA;NA;NA;NA
30;6,49315068493151;6;m;CB_04;Joana;acn acn;control;1;XC;I;0;1;NA;right;wind;1;1
30;6,49315068493151;6;m;CB_04;Joana;acn acn;control;2;XC;C;0;1;NA;right;self;1;1
30;6,49315068493151;6;m;CB_04;Joana;acn acn;change_of_location;1;M0;C;0;1;1;right;wind;1;0
30;6,49315068493151;6;m;CB_04;Joana;acn acn;change_of_location;2;M0;I;0;1;1;right;wind;1;1
31;7,64657534246575;7;m;CB_05;Joana;acn acn;dual_identity;1;XC;C;1;1;1;right;self;1;1
31;7,64657534246575;7;m;CB_05;Joana;acn acn;dual_identity;2;CX;I;1;1;1;left;wind;1;1
31;7,64657534246575;7;m;CB_05;Joana;acn acn;control;1;CX;I;1;1;NA;right;self;0;0
31;7,64657534246575;7;m;CB_05;Joana;acn acn;control;2;XC;C;1;1;NA;right;self;1;1
31;7,64657534246575;7;m;CB_05;Joana;acn acn;change_of_location;1;M0;C;1;1;1;left;self;0;1
31;7,64657534246575;7;m;CB_05;Joana;acn acn;change_of_location;2;0M;I;1;1;1;right;wind;1;1
32;6,46575342465753;6;m;CB_06;Joana;acn acn;dual_identity;1;CX;C;1;1;1;right;self;0;1
32;6,46575342465753;6;m;CB_06;Joana;acn acn;dual_identity;2;XC;I;1;1;1;right;wind;1;1
32;6,46575342465753;6;m;CB_06;Joana;acn acn;control;1;XC;I;1;1;NA;right;wind;1;1
32;6,46575342465753;6;m;CB_06;Joana;acn acn;control;2;CX;C;1;1;NA;left;self;1;1
32;6,46575342465753;6;m;CB_06;Joana;acn acn;change_of_location;1;0M;C;1;1;1;right;self;1;1
32;6,46575342465753;6;m;CB_06;Joana;acn acn;change_of_location;2;M0;I;1;1;1;left;wind;0;1
33;6,34520547945205;6;f;CB_07;Joana;acn acn;dual_identity;1;CX;C;0;1;1;NA;NA;NA;NA
33;6,34520547945205;6;f;CB_07;Joana;acn acn;dual_identity;2;XC;I;0;1;1;NA;NA;NA;NA
33;6,34520547945205;6;f;CB_07;Joana;acn acn;control;1;CX;I;0;1;NA;left;wind;1;1
33;6,34520547945205;6;f;CB_07;Joana;acn acn;control;2;XC;C;0;1;NA;right;self;1;1
33;6,34520547945205;6;f;CB_07;Joana;acn acn;change_of_location;1;0M;C;0;1;1;right;self;1;1
33;6,34520547945205;6;f;CB_07;Joana;acn acn;change_of_location;2;M0;I;0;1;1;left;self;0;0
34;5,25205479452055;5;f;CB_08;Joana;acn acn;dual_identity;1;XC;C;1;0;1;right;self;1;1
34;5,25205479452055;5;f;CB_08;Joana;acn acn;dual_identity;2;CX;I;1;0;1;left;wind;1;1
34;5,25205479452055;5;f;CB_08;Joana;acn acn;control;1;XC;I;1;0;NA;NA;NA;NA;NA
34;5,25205479452055;5;f;CB_08;Joana;acn acn;control;2;CX;C;1;0;NA;NA;NA;NA;NA
34;5,25205479452055;5;f;CB_08;Joana;acn acn;change_of_location;1;M0;C;1;0;1;left;wind;0;0
34;5,25205479452055;5;f;CB_08;Joana;acn acn;change_of_location;2;0M;I;1;0;1;right;self;1;0
35;6,27123287671233;6;m;CB_09;Joana;acn acn;dual_identity;1;CX;I;1;1;1;left;wind;1;1
35;6,27123287671233;6;m;CB_09;Joana;acn acn;dual_identity;2;CX;C;1;1;1;left;self;1;1
35;6,27123287671233;6;m;CB_09;Joana;acn acn;control;1;XC;C;1;1;NA;left;wind;0;0
35;6,27123287671233;6;m;CB_09;Joana;acn acn;control;2;XC;I;1;1;NA;right;wind;1;1
35;6,27123287671233;6;m;CB_09;Joana;acn acn;change_of_location;1;0M;I;1;1;1;right;wind;1;1
35;6,27123287671233;6;m;CB_09;Joana;acn acn;change_of_location;2;0M;C;1;1;1;right;self;1;1
36;7,33150684931507;7;f;CB_09;Joana;acn acn;dual_identity;1;CX;I;1;1;1;left;wind;1;1
36;7,33150684931507;7;f;CB_09;Joana;acn acn;dual_identity;2;CX;C;1;1;1;left;self;1;1
36;7,33150684931507;7;f;CB_09;Joana;acn acn;control;1;XC;C;1;1;NA;right;self;1;1
36;7,33150684931507;7;f;CB_09;Joana;acn acn;control;2;XC;I;1;1;NA;right;wind;1;1
36;7,33150684931507;7;f;CB_09;Joana;acn acn;change_of_location;1;0M;I;1;1;1;right;wind;1;1
36;7,33150684931507;7;f;CB_09;Joana;acn acn;change_of_location;2;0M;C;1;1;1;right;self;1;1
37;4,67671232876712;4;f;CB_10;Joana;acn acn;dual_identity;1;XC;I;0;1;1;NA;NA;NA;NA
37;4,67671232876712;4;f;CB_10;Joana;acn acn;dual_identity;2;XC;C;0;1;1;NA;NA;NA;NA
37;4,67671232876712;4;f;CB_10;Joana;acn acn;control;1;CX;C;0;1;NA;right;wind;0;0
37;4,67671232876712;4;f;CB_10;Joana;acn acn;control;2;CX;I;0;1;NA;left;wind;1;1
37;4,67671232876712;4;f;CB_10;Joana;acn acn;change_of_location;1;M0;I;0;1;0;NA;NA;NA;NA
37;4,67671232876712;4;f;CB_10;Joana;acn acn;change_of_location;2;M0;C;0;1;1;right;wind;1;0
38;6,80821917808219;6;f;CB_17;Joana;nca nca;dual_identity;1;CX;C;1;1;1;left;self;1;1
38;6,80821917808219;6;f;CB_17;Joana;nca nca;dual_identity;2;CX;I;1;1;1;left;wind;1;1
38;6,80821917808219;6;f;CB_17;Joana;nca nca;control;1;CX;I;1;1;NA;left;wind;1;1
38;6,80821917808219;6;f;CB_17;Joana;nca nca;control;2;CX;C;1;1;NA;left;self;1;1
38;6,80821917808219;6;f;CB_17;Joana;nca nca;change_of_location;1;0M;C;1;1;1;right;self;1;1
38;6,80821917808219;6;f;CB_17;Joana;nca nca;change_of_location;2;0M;I;1;1;1;right;wind;1;1
39;6,84383561643836;6;m;CB_18;Joana;nca nca;dual_identity;1;XC;C;1;1;1;right;self;1;1
39;6,84383561643836;6;m;CB_18;Joana;nca nca;dual_identity;2;XC;I;1;1;1;right;wind;1;1
39;6,84383561643836;6;m;CB_18;Joana;nca nca;control;1;XC;I;1;1;NA;right;wind;1;1
39;6,84383561643836;6;m;CB_18;Joana;nca nca;control;2;XC;C;1;1;NA;right;self;1;1
39;6,84383561643836;6;m;CB_18;Joana;nca nca;change_of_location;1;M0;C;1;1;1;left;self;0;1
39;6,84383561643836;6;m;CB_18;Joana;nca nca;change_of_location;2;M0;I;1;1;1;left;wind;0;1
41;5,98356164383562;5;m;CB_20;Joana;nca nca;dual_identity;1;CX;C;1;1;1;left;self;1;1
41;5,98356164383562;5;m;CB_20;Joana;nca nca;dual_identity;2;CX;I;1;1;1;left;wind;1;1
41;5,98356164383562;5;m;CB_20;Joana;nca nca;control;1;XC;I;1;1;NA;right;wind;1;1
41;5,98356164383562;5;m;CB_20;Joana;nca nca;control;2;XC;C;1;1;NA;right;self;1;1
41;5,98356164383562;5;m;CB_20;Joana;nca nca;change_of_location;1;0M;C;1;1;1;right;self;1;1
41;5,98356164383562;5;m;CB_20;Joana;nca nca;change_of_location;2;0M;I;1;1;1;right;wind;1;1
42;6,16712328767123;6;m;CB_21;Joana;nca nca;dual_identity;1;CX;C;1;1;1;left;wind;1;0
42;6,16712328767123;6;m;CB_21;Joana;nca nca;dual_identity;2;XC;I;1;1;1;right;wind;1;1
42;6,16712328767123;6;m;CB_21;Joana;nca nca;control;1;CX;I;1;1;NA;right;wind;0;1
42;6,16712328767123;6;m;CB_21;Joana;nca nca;control;2;XC;C;1;1;NA;right;self;1;1
42;6,16712328767123;6;m;CB_21;Joana;nca nca;change_of_location;1;0M;C;1;1;1;left;wind;0;0
42;6,16712328767123;6;m;CB_21;Joana;nca nca;change_of_location;2;M0;I;1;1;1;left;wind;0;1
43;5,10136986301370;5;m;CB_22;Isa;nca nca;dual_identity;1;XC;C;1;1;1;left;wind;0;0
43;5,10136986301370;5;m;CB_22;Isa;nca nca;dual_identity;2;CX;I;1;1;1;right;self;0;0
43;5,10136986301370;5;m;CB_22;Isa;nca nca;control;1;XC;I;1;1;NA;right;wind;1;1
43;5,10136986301370;5;m;CB_22;Isa;nca nca;control;2;CX;C;1;1;NA;left;wind;1;0
43;5,10136986301370;5;m;CB_22;Isa;nca nca;change_of_location;1;M0;C;1;1;1;right;wind;1;0
43;5,10136986301370;5;m;CB_22;Isa;nca nca;change_of_location;2;0M;I;1;1;1;left;self;0;0
44;5,07671232876712;5;m;CB_11;Joana;acn acn;dual_identity;1;XC;I;1;1;1;left;self;0;0
44;5,07671232876712;5;m;CB_11;Joana;acn acn;dual_identity;2;XC;C;1;1;0;NA;NA;NA;NA
44;5,07671232876712;5;m;CB_11;Joana;acn acn;control;1;XC;C;1;1;NA;right;self;1;1
44;5,07671232876712;5;m;CB_11;Joana;acn acn;control;2;XC;I;1;1;NA;right;wind;1;1
44;5,07671232876712;5;m;CB_11;Joana;acn acn;change_of_location;1;M0;I;1;1;0;NA;NA;NA;NA
44;5,07671232876712;5;m;CB_11;Joana;acn acn;change_of_location;2;M0;C;1;1;0;NA;NA;NA;NA
46;7,85753424657534;7;m;CB_13;Joana;acn acn;dual_identity;1;CX;I;1;1;1;left;wind;1;1
46;7,85753424657534;7;m;CB_13;Joana;acn acn;dual_identity;2;XC;C;1;1;1;right;self;1;1
46;7,85753424657534;7;m;CB_13;Joana;acn acn;control;1;XC;C;1;1;NA;right;self;1;1
46;7,85753424657534;7;m;CB_13;Joana;acn acn;control;2;CX;I;1;1;NA;left;wind;1;1
46;7,85753424657534;7;m;CB_13;Joana;acn acn;change_of_location;1;0M;I;1;1;1;right;wind;1;1
46;7,85753424657534;7;m;CB_13;Joana;acn acn;change_of_location;2;M0;C;1;1;1;left;self;0;1
47;7,08219178082192;7;f;CB_14;Joana;acn acn;dual_identity;1;XC;I;1;1;1;right;wind;1;1
47;7,08219178082192;7;f;CB_14;Joana;acn acn;dual_identity;2;CX;C;1;1;1;left;self;1;1
47;7,08219178082192;7;f;CB_14;Joana;acn acn;control;1;CX;C;1;1;NA;left;self;1;1
47;7,08219178082192;7;f;CB_14;Joana;acn acn;control;2;XC;I;1;1;NA;right;wind;1;1
47;7,08219178082192;7;f;CB_14;Joana;acn acn;change_of_location;1;M0;I;1;1;1;left;wind;0;1
47;7,08219178082192;7;f;CB_14;Joana;acn acn;change_of_location;2;0M;C;1;1;1;right;self;1;1
48;6,31232876712329;6;m;CB_23;Isa;nca nca;dual_identity;1;XC;C;1;1;1;right;self;1;1
48;6,31232876712329;6;m;CB_23;Isa;nca nca;dual_identity;2;CX;I;1;1;1;left;wind;1;1
48;6,31232876712329;6;m;CB_23;Isa;nca nca;control;1;CX;I;1;1;NA;left;wind;1;1
48;6,31232876712329;6;m;CB_23;Isa;nca nca;control;2;XC;C;1;1;NA;right;self;1;1
48;6,31232876712329;6;m;CB_23;Isa;nca nca;change_of_location;1;M0;C;1;1;1;left;wind;0;0
48;6,31232876712329;6;m;CB_23;Isa;nca nca;change_of_location;2;0M;I;1;1;1;right;wind;1;1
49;5,78630136986301;5;m;CB_24;Isa;nca nca;dual_identity;1;CX;C;1;1;1;right;wind;0;0
49;5,78630136986301;5;m;CB_24;Isa;nca nca;dual_identity;2;XC;I;1;1;1;left;self;0;0
49;5,78630136986301;5;m;CB_24;Isa;nca nca;control;1;XC;I;1;1;NA;right;wind;1;1
49;5,78630136986301;5;m;CB_24;Isa;nca nca;control;2;CX;C;1;1;NA;left;self;1;1
49;5,78630136986301;5;m;CB_24;Isa;nca nca;change_of_location;1;0M;C;1;1;1;right;wind;1;0
49;5,78630136986301;5;m;CB_24;Isa;nca nca;change_of_location;2;M0;I;1;1;1;left;self;0;0
52;7,80000000000000;7;f;CB_27;Isa;nca nca;dual_identity;1;CX;I;1;1;1;left;wind;1;1
52;7,80000000000000;7;f;CB_27;Isa;nca nca;dual_identity;2;CX;C;1;1;1;left;self;1;1
52;7,80000000000000;7;f;CB_27;Isa;nca nca;control;1;XC;C;1;1;NA;NA;self;NA;1
52;7,80000000000000;7;f;CB_27;Isa;nca nca;control;2;XC;I;1;1;NA;right;wind;1;1
52;7,80000000000000;7;f;CB_27;Isa;nca nca;change_of_location;1;0M;I;1;1;1;right;wind;1;1
52;7,80000000000000;7;f;CB_27;Isa;nca nca;change_of_location;2;0M;C;1;1;1;right;self;1;1
53;6,93424657534247;6;f;CB_28;Isa;nca nca;dual_identity;1;XC;I;0;1;1;NA;NA;NA;NA
53;6,93424657534247;6;f;CB_28;Isa;nca nca;dual_identity;2;XC;C;0;1;1;NA;NA;NA;NA
53;6,93424657534247;6;f;CB_28;Isa;nca nca;control;1;CX;C;0;1;NA;left;self;1;1
53;6,93424657534247;6;f;CB_28;Isa;nca nca;control;2;CX;I;0;1;NA;left;wind;1;1
53;6,93424657534247;6;f;CB_28;Isa;nca nca;change_of_location;1;M0;I;0;1;1;left;self;0;0
53;6,93424657534247;6;f;CB_28;Isa;nca nca;change_of_location;2;M0;C;0;1;1;left;self;0;1
56;5,43835616438356;5;m;CB_31;Isa;nca nca;dual_identity;1;CX;I;1;1;1;left;wind;1;1
56;5,43835616438356;5;m;CB_31;Isa;nca nca;dual_identity;2;XC;C;1;1;1;right;self;1;1
56;5,43835616438356;5;m;CB_31;Isa;nca nca;control;1;XC;C;1;1;NA;right;wind;1;0
56;5,43835616438356;5;m;CB_31;Isa;nca nca;control;2;CX;I;1;1;NA;left;wind;1;1
56;5,43835616438356;5;m;CB_31;Isa;nca nca;change_of_location;1;0M;I;1;1;1;right;wind;1;1
56;5,43835616438356;5;m;CB_31;Isa;nca nca;change_of_location;2;M0;C;1;1;1;left;wind;0;0
57;4,94246575342466;4;f;CB_32;Isa;nca nca;dual_identity;1;XC;I;0;1;1;NA;NA;NA;NA
57;4,94246575342466;4;f;CB_32;Isa;nca nca;dual_identity;2;CX;C;0;1;1;NA;NA;NA;NA
57;4,94246575342466;4;f;CB_32;Isa;nca nca;control;1;CX;C;0;1;NA;left;self;1;1
57;4,94246575342466;4;f;CB_32;Isa;nca nca;control;2;XC;I;0;1;NA;right;wind;1;1
57;4,94246575342466;4;f;CB_32;Isa;nca nca;change_of_location;1;M0;I;0;1;1;left;self;0;0
57;4,94246575342466;4;f;CB_32;Isa;nca nca;change_of_location;2;0M;C;0;1;1;left;wind;0;0
58;6,82191780821918;6;m;CB_15;Isa;acn acn;dual_identity;1;XC;I;1;1;1;right;wind;1;1
58;6,82191780821918;6;m;CB_15;Isa;acn acn;dual_identity;2;CX;C;1;1;1;left;self;1;1
58;6,82191780821918;6;m;CB_15;Isa;acn acn;control;1;XC;C;1;1;NA;right;self;1;1
58;6,82191780821918;6;m;CB_15;Isa;acn acn;control;2;CX;I;1;1;NA;left;self;1;0
58;6,82191780821918;6;m;CB_15;Isa;acn acn;change_of_location;1;M0;I;1;1;1;right;wind;1;1
58;6,82191780821918;6;m;CB_15;Isa;acn acn;change_of_location;2;0M;C;1;1;1;right;wind;1;0
59;6,67671232876712;6;m;CB_16;Joana;acn acn;dual_identity;1;CX;I;1;1;1;left;wind;1;1
59;6,67671232876712;6;m;CB_16;Joana;acn acn;dual_identity;2;XC;C;1;1;1;right;self;1;1
59;6,67671232876712;6;m;CB_16;Joana;acn acn;control;1;CX;C;1;1;NA;right;wind;0;0
59;6,67671232876712;6;m;CB_16;Joana;acn acn;control;2;XC;I;1;1;NA;left;self;0;0
59;6,67671232876712;6;m;CB_16;Joana;acn acn;change_of_location;1;0M;I;1;1;1;left;self;0;0
59;6,67671232876712;6;m;CB_16;Joana;acn acn;change_of_location;2;M0;C;1;1;1;right;wind;1;0
60;7,90410958904110;7;f;CB_01;Joana;acn acn;dual_identity;1;XC;C;1;1;1;right;self;1;1
60;7,90410958904110;7;f;CB_01;Joana;acn acn;dual_identity;2;XC;I;1;1;1;right;wind;1;1
60;7,90410958904110;7;f;CB_01;Joana;acn acn;control;1;CX;I;1;1;NA;left;wind;1;1
60;7,90410958904110;7;f;CB_01;Joana;acn acn;control;2;CX;C;1;1;NA;left;self;1;1
60;7,90410958904110;7;f;CB_01;Joana;acn acn;change_of_location;1;M0;C;1;1;1;left;self;0;1
60;7,90410958904110;7;f;CB_01;Joana;acn acn;change_of_location;2;M0;I;1;1;1;left;wind;0;1
61;5,47397260273973;5;f;CB_02;Joana;acn acn;dual_identity;1;CX;C;0;1;1;NA;NA;NA;NA
61;5,47397260273973;5;f;CB_02;Joana;acn acn;dual_identity;2;CX;I;0;1;1;NA;NA;NA;NA
61;5,47397260273973;5;f;CB_02;Joana;acn acn;control;1;XC;I;0;1;NA;right;wind;1;1
61;5,47397260273973;5;f;CB_02;Joana;acn acn;control;2;XC;C;0;1;NA;right;self;1;1
61;5,47397260273973;5;f;CB_02;Joana;acn acn;change_of_location;1;0M;C;0;1;1;left;wind;0;0
61;5,47397260273973;5;f;CB_02;Joana;acn acn;change_of_location;2;0M;I;0;1;1;left;self;0;0
62;5,74246575342466;5;m;CB_16;Isa;acn acn;dual_identity;1;CX;I;1;1;1;left;wind;1;1
62;5,74246575342466;5;m;CB_16;Isa;acn acn;dual_identity;2;XC;C;1;1;1;right;wind;1;0
62;5,74246575342466;5;m;CB_16;Isa;acn acn;control;1;CX;C;1;1;NA;left;self;1;1
62;5,74246575342466;5;m;CB_16;Isa;acn acn;control;2;XC;I;1;1;NA;right;wind;1;1
62;5,74246575342466;5;m;CB_16;Isa;acn acn;change_of_location;1;0M;I;1;1;1;right;wind;1;1
62;5,74246575342466;5;m;CB_16;Isa;acn acn;change_of_location;2;M0;C;1;1;1;left;wind;0;0
63;6,01643835616438;6;m;CB_32;Isa;nca nca;dual_identity;1;XC;I;1;1;1;right;wind;1;1
63;6,01643835616438;6;m;CB_32;Isa;nca nca;dual_identity;2;CX;C;1;1;1;left;self;1;1
63;6,01643835616438;6;m;CB_32;Isa;nca nca;control;1;CX;C;1;1;NA;left;self;1;1
63;6,01643835616438;6;m;CB_32;Isa;nca nca;control;2;XC;I;1;1;NA;right;wind;1;1
63;6,01643835616438;6;m;CB_32;Isa;nca nca;change_of_location;1;M0;I;1;1;1;left;wind;0;1
63;6,01643835616438;6;m;CB_32;Isa;nca nca;change_of_location;2;0M;C;1;1;1;right;self;1;1
64;7,01917808219178;7;m;CB_04;Isa;acn acn;dual_identity;1;XC;C;1;1;1;right;self;1;1
64;7,01917808219178;7;m;CB_04;Isa;acn acn;dual_identity;2;XC;I;1;1;1;right;self;1;0
64;7,01917808219178;7;m;CB_04;Isa;acn acn;control;1;XC;I;1;1;NA;left;self;0;0
64;7,01917808219178;7;m;CB_04;Isa;acn acn;control;2;XC;C;1;1;NA;right;self;1;1
64;7,01917808219178;7;m;CB_04;Isa;acn acn;change_of_location;1;M0;C;1;1;1;left;self;0;1
64;7,01917808219178;7;m;CB_04;Isa;acn acn;change_of_location;2;M0;I;1;1;1;left;self;0;0
65;5,01643835616438;5;m;CB_07;Isa;acn acn;dual_identity;1;CX;C;1;1;0;NA;NA;NA;NA
65;5,01643835616438;5;m;CB_07;Isa;acn acn;dual_identity;2;XC;I;1;1;1;left;self;0;0
65;5,01643835616438;5;m;CB_07;Isa;acn acn;control;1;CX;I;1;1;NA;left;wind;1;1
65;5,01643835616438;5;m;CB_07;Isa;acn acn;control;2;XC;C;1;1;NA;right;self;1;1
65;5,01643835616438;5;m;CB_07;Isa;acn acn;change_of_location;1;0M;C;1;1;1;left;wind;0;0
65;5,01643835616438;5;m;CB_07;Isa;acn acn;change_of_location;2;M0;I;1;1;1;right;self;1;0
67;4,51232876712329;4;f;CB_19;Joana;nca nca;dual_identity;1;XC;C;1;1;1;right;self;1;1
67;4,51232876712329;4;f;CB_19;Joana;nca nca;dual_identity;2;XC;I;1;1;1;right;wind;1;1
67;4,51232876712329;4;f;CB_19;Joana;nca nca;control;1;CX;I;1;1;NA;left;wind;1;1
67;4,51232876712329;4;f;CB_19;Joana;nca nca;control;2;CX;C;1;1;NA;left;self;1;1
67;4,51232876712329;4;f;CB_19;Joana;nca nca;change_of_location;1;M0;C;1;1;1;right;wind;1;0
67;4,51232876712329;4;f;CB_19;Joana;nca nca;change_of_location;2;M0;I;1;1;1;right;self;1;0
68;5,35616438356164;5;m;CB_30;Joana;nca nca;dual_identity;1;CX;I;1;1;1;left;wind;1;1
68;5,35616438356164;5;m;CB_30;Joana;nca nca;dual_identity;2;XC;C;1;1;1;left;wind;0;0
68;5,35616438356164;5;m;CB_30;Joana;nca nca;control;1;CX;C;1;1;NA;left;self;1;1
68;5,35616438356164;5;m;CB_30;Joana;nca nca;control;2;XC;I;1;1;NA;right;wind;1;1
68;5,35616438356164;5;m;CB_30;Joana;nca nca;change_of_location;1;0M;I;1;1;1;right;self;1;0
68;5,35616438356164;5;m;CB_30;Joana;nca nca;change_of_location;2;M0;C;1;1;1;left;self;0;1
69;5,35616438356164;5;f;CB_12;Joana;acn acn;dual_identity;1;CX;I;1;1;1;right;self;0;0
69;5,35616438356164;5;f;CB_12;Joana;acn acn;dual_identity;2;CX;C;1;1;1;left;wind;1;0
69;5,35616438356164;5;f;CB_12;Joana;acn acn;control;1;CX;C;1;1;NA;right;wind;0;0
69;5,35616438356164;5;f;CB_12;Joana;acn acn;control;2;CX;I;1;1;NA;left;wind;1;1
69;5,35616438356164;5;f;CB_12;Joana;acn acn;change_of_location;1;0M;I;1;1;1;left;self;0;0
69;5,35616438356164;5;f;CB_12;Joana;acn acn;change_of_location;2;0M;C;1;1;1;left;wind;0;0
70;6,52602739726027;6;m;CB_25;Joana;nca nca;dual_identity;1;XC;I;1;1;1;right;wind;1;1
70;6,52602739726027;6;m;CB_25;Joana;nca nca;dual_identity;2;XC;C;1;1;1;left;wind;0;0
70;6,52602739726027;6;m;CB_25;Joana;nca nca;control;1;XC;C;1;1;NA;right;self;1;1
70;6,52602739726027;6;m;CB_25;Joana;nca nca;control;2;XC;I;1;1;NA;right;wind;1;1
70;6,52602739726027;6;m;CB_25;Joana;nca nca;change_of_location;1;M0;I;1;1;1;left;wind;0;1
70;6,52602739726027;6;m;CB_25;Joana;nca nca;change_of_location;2;M0;C;1;1;1;left;self;0;1
71;4,39726027397260;4;m;CB_26;Joana;nca nca;dual_identity;1;CX;I;1;1;1;right;self;0;0
71;4,39726027397260;4;m;CB_26;Joana;nca nca;dual_identity;2;CX;C;1;1;1;right;wind;0;0
71;4,39726027397260;4;m;CB_26;Joana;nca nca;control;1;CX;C;1;1;NA;left;self;1;1
71;4,39726027397260;4;m;CB_26;Joana;nca nca;control;2;CX;I;1;1;NA;left;wind;1;1
71;4,39726027397260;4;m;CB_26;Joana;nca nca;change_of_location;1;0M;I;1;1;0;NA;NA;NA;NA
71;4,39726027397260;4;m;CB_26;Joana;nca nca;change_of_location;2;0M;C;1;1;0;NA;NA;NA;NA
74;4,32602739726027;4;m;CB_31;Joana;nca nca;dual_identity;1;CX;I;1;1;1;right;self;0;0
74;4,32602739726027;4;m;CB_31;Joana;nca nca;dual_identity;2;XC;C;1;1;1;left;wind;0;0
74;4,32602739726027;4;m;CB_31;Joana;nca nca;control;1;XC;C;1;1;NA;right;self;1;1
74;4,32602739726027;4;m;CB_31;Joana;nca nca;control;2;CX;I;1;1;NA;left;wind;1;1
74;4,32602739726027;4;m;CB_31;Joana;nca nca;change_of_location;1;0M;I;1;1;1;left;self;0;0
74;4,32602739726027;4;m;CB_31;Joana;nca nca;change_of_location;2;M0;C;1;1;1;left;wind;0;0
75;4,03013698630137;4;m;CB_27;Isa;nca nca;dual_identity;1;CX;I;1;0;1;left;wind;1;1
75;4,03013698630137;4;m;CB_27;Isa;nca nca;dual_identity;2;CX;C;1;0;1;left;wind;1;0
75;4,03013698630137;4;m;CB_27;Isa;nca nca;control;1;XC;C;1;0;NA;NA;NA;NA;NA
75;4,03013698630137;4;m;CB_27;Isa;nca nca;control;2;XC;I;1;0;NA;NA;NA;NA;NA
75;4,03013698630137;4;m;CB_27;Isa;nca nca;change_of_location;1;0M;I;1;0;1;left;self;0;0
75;4,03013698630137;4;m;CB_27;Isa;nca nca;change_of_location;2;0M;C;1;0;1;left;wind;0;0
76;6,15890410958904;6;f;CB_28;Isa;nca nca;dual_identity;1;XC;I;1;1;1;right;wind;1;1
76;6,15890410958904;6;f;CB_28;Isa;nca nca;dual_identity;2;XC;C;1;1;1;right;self;1;1
76;6,15890410958904;6;f;CB_28;Isa;nca nca;control;1;CX;C;1;1;NA;left;self;1;1
76;6,15890410958904;6;f;CB_28;Isa;nca nca;control;2;CX;I;1;1;NA;left;wind;1;1
76;6,15890410958904;6;f;CB_28;Isa;nca nca;change_of_location;1;M0;I;1;1;1;left;wind;0;1
76;6,15890410958904;6;f;CB_28;Isa;nca nca;change_of_location;2;M0;C;1;1;1;left;self;0;1
77;7,71780821917808;7;m;CB_24;Eva;nca nca;dual_identity;1;CX;C;1;1;1;left;self;1;1
77;7,71780821917808;7;m;CB_24;Eva;nca nca;dual_identity;2;XC;I;1;1;1;right;wind;1;1
77;7,71780821917808;7;m;CB_24;Eva;nca nca;control;1;XC;I;1;1;NA;right;wind;1;1
77;7,71780821917808;7;m;CB_24;Eva;nca nca;control;2;CX;C;1;1;NA;left;self;1;1
77;7,71780821917808;7;m;CB_24;Eva;nca nca;change_of_location;1;0M;C;1;1;1;right;self;1;1
77;7,71780821917808;7;m;CB_24;Eva;nca nca;change_of_location;2;M0;I;1;1;1;left;wind;0;1
78;6,78356164383562;6;m;CB_23;Eva;nca nca;dual_identity;1;XC;C;1;1;1;right;self;1;1
78;6,78356164383562;6;m;CB_23;Eva;nca nca;dual_identity;2;CX;I;1;1;1;left;wind;1;1
78;6,78356164383562;6;m;CB_23;Eva;nca nca;control;1;CX;I;1;1;NA;left;wind;1;1
78;6,78356164383562;6;m;CB_23;Eva;nca nca;control;2;XC;C;1;1;NA;right;self;1;1
78;6,78356164383562;6;m;CB_23;Eva;nca nca;change_of_location;1;M0;C;1;1;1;left;self;0;1
78;6,78356164383562;6;m;CB_23;Eva;nca nca;change_of_location;2;0M;I;1;1;1;right;wind;1;1
79;5,72054794520548;5;f;CB_22;Joana;nca nca;dual_identity;1;XC;C;1;1;1;right;self;1;1
79;5,72054794520548;5;f;CB_22;Joana;nca nca;dual_identity;2;CX;I;1;1;1;left;wind;1;1
79;5,72054794520548;5;f;CB_22;Joana;nca nca;control;1;XC;I;1;1;NA;right;wind;1;1
79;5,72054794520548;5;f;CB_22;Joana;nca nca;control;2;CX;C;1;1;NA;left;self;1;1
79;5,72054794520548;5;f;CB_22;Joana;nca nca;change_of_location;1;M0;C;1;1;1;left;wind;0;0
79;5,72054794520548;5;f;CB_22;Joana;nca nca;change_of_location;2;0M;I;1;1;1;right;wind;1;1
80;4,05753424657534;4;f;CB_21;Eva;nca nca;dual_identity;1;CX;C;1;0;1;right;wind;0;0
80;4,05753424657534;4;f;CB_21;Eva;nca nca;dual_identity;2;XC;I;1;0;1;left;self;0;0
80;4,05753424657534;4;f;CB_21;Eva;nca nca;control;1;CX;I;1;0;NA;NA;NA;NA;NA
80;4,05753424657534;4;f;CB_21;Eva;nca nca;control;2;XC;C;1;0;NA;NA;NA;NA;NA
80;4,05753424657534;4;f;CB_21;Eva;nca nca;change_of_location;1;0M;C;1;0;1;left;wind;0;0
80;4,05753424657534;4;f;CB_21;Eva;nca nca;change_of_location;2;M0;I;1;0;1;right;wind;1;1
81;4,33424657534247;4;f;CB_20;Eva;nca nca;dual_identity;1;CX;C;1;1;1;left;self;1;1
81;4,33424657534247;4;f;CB_20;Eva;nca nca;dual_identity;2;CX;I;1;1;1;left;self;1;0
81;4,33424657534247;4;f;CB_20;Eva;nca nca;control;1;XC;I;1;1;NA;right;wind;1;1
81;4,33424657534247;4;f;CB_20;Eva;nca nca;control;2;XC;C;1;1;NA;right;wind;1;0
81;4,33424657534247;4;f;CB_20;Eva;nca nca;change_of_location;1;0M;C;1;1;1;left;wind;0;0
81;4,33424657534247;4;f;CB_20;Eva;nca nca;change_of_location;2;0M;I;1;1;1;left;wind;0;1
82;7,67671232876712;7;m;CB_18;Eva;nca nca;dual_identity;1;XC;C;1;1;1;right;self;1;1
82;7,67671232876712;7;m;CB_18;Eva;nca nca;dual_identity;2;XC;I;1;1;1;right;wind;1;1
82;7,67671232876712;7;m;CB_18;Eva;nca nca;control;1;XC;I;1;1;NA;right;wind;1;1
82;7,67671232876712;7;m;CB_18;Eva;nca nca;control;2;XC;C;1;1;NA;right;self;1;1
82;7,67671232876712;7;m;CB_18;Eva;nca nca;change_of_location;1;M0;C;1;1;1;left;wind;0;0
82;7,67671232876712;7;m;CB_18;Eva;nca nca;change_of_location;2;M0;I;1;1;1;left;wind;0;1
84;4,23835616438356;4;f;CB_15;Isa;acn acn;dual_identity;1;XC;I;0;1;NA;NA;NA;NA;NA
84;4,23835616438356;4;f;CB_15;Isa;acn acn;dual_identity;2;CX;C;0;1;1;NA;NA;NA;NA
84;4,23835616438356;4;f;CB_15;Isa;acn acn;control;1;XC;C;0;1;NA;right;self;1;1
84;4,23835616438356;4;f;CB_15;Isa;acn acn;control;2;CX;I;0;1;NA;left;wind;1;1
84;4,23835616438356;4;f;CB_15;Isa;acn acn;change_of_location;1;M0;I;0;1;1;right;self;1;0
84;4,23835616438356;4;f;CB_15;Isa;acn acn;change_of_location;2;0M;C;0;1;1;left;wind;0;0
85;7,47397260273973;7;f;CB_14;Isa;acn acn;dual_identity;1;XC;I;1;1;1;right;wind;1;1
85;7,47397260273973;7;f;CB_14;Isa;acn acn;dual_identity;2;CX;C;1;1;1;left;self;1;1
85;7,47397260273973;7;f;CB_14;Isa;acn acn;control;1;CX;C;1;1;NA;left;self;1;1
85;7,47397260273973;7;f;CB_14;Isa;acn acn;control;2;XC;I;1;1;NA;right;wind;1;1
85;7,47397260273973;7;f;CB_14;Isa;acn acn;change_of_location;1;M0;I;1;1;1;left;wind;0;1
85;7,47397260273973;7;f;CB_14;Isa;acn acn;change_of_location;2;0M;C;1;1;1;right;self;1;1
87;4,62739726027397;4;m;CB_11;Isa;acn acn;dual_identity;1;XC;I;1;1;1;right;wind;1;1
87;4,62739726027397;4;m;CB_11;Isa;acn acn;dual_identity;2;XC;C;1;1;1;right;self;1;1
87;4,62739726027397;4;m;CB_11;Isa;acn acn;control;1;XC;C;1;1;NA;right;self;1;1
87;4,62739726027397;4;m;CB_11;Isa;acn acn;control;2;XC;I;1;1;NA;right;wind;1;1
87;4,62739726027397;4;m;CB_11;Isa;acn acn;change_of_location;1;M0;I;1;1;1;left;self;0;0
87;4,62739726027397;4;m;CB_11;Isa;acn acn;change_of_location;2;M0;C;1;1;1;left;wind;0;0
88;6,60821917808219;6;f;CB_09;Isa;acn acn;dual_identity;1;CX;I;1;1;1;left;wind;1;1
88;6,60821917808219;6;f;CB_09;Isa;acn acn;dual_identity;2;CX;C;1;1;1;left;self;1;1
88;6,60821917808219;6;f;CB_09;Isa;acn acn;control;1;XC;C;1;1;NA;left;wind;0;0
88;6,60821917808219;6;f;CB_09;Isa;acn acn;control;2;XC;I;1;1;NA;left;self;0;0
88;6,60821917808219;6;f;CB_09;Isa;acn acn;change_of_location;1;0M;I;1;1;1;right;wind;1;1
88;6,60821917808219;6;f;CB_09;Isa;acn acn;change_of_location;2;0M;C;1;1;1;left;wind;0;0
89;4,15616438356164;4;f;CB_08;Eva;acn acn;dual_identity;1;XC;C;0;1;1;NA;NA;NA;NA
89;4,15616438356164;4;f;CB_08;Eva;acn acn;dual_identity;2;CX;I;0;1;1;NA;NA;NA;NA
89;4,15616438356164;4;f;CB_08;Eva;acn acn;control;1;XC;I;0;1;NA;right;wind;1;1
89;4,15616438356164;4;f;CB_08;Eva;acn acn;control;2;CX;C;0;1;NA;right;wind;0;0
89;4,15616438356164;4;f;CB_08;Eva;acn acn;change_of_location;1;M0;C;0;1;1;right;wind;1;0
89;4,15616438356164;4;f;CB_08;Eva;acn acn;change_of_location;2;0M;I;0;1;1;left;wind;0;1
90;5,28493150684931;5;f;CB_06;Isa;acn acn;dual_identity;1;CX;C;1;0;1;left;self;1;1
90;5,28493150684931;5;f;CB_06;Isa;acn acn;dual_identity;2;XC;I;1;0;1;right;wind;1;1
90;5,28493150684931;5;f;CB_06;Isa;acn acn;control;1;XC;I;1;0;NA;NA;NA;NA;NA
90;5,28493150684931;5;f;CB_06;Isa;acn acn;control;2;CX;C;1;0;NA;NA;NA;NA;NA
90;5,28493150684931;5;f;CB_06;Isa;acn acn;change_of_location;1;0M;C;1;0;1;right;self;1;1
90;5,28493150684931;5;f;CB_06;Isa;acn acn;change_of_location;2;M0;I;1;0;1;left;wind;0;1
91;7,49863013698630;7;f;CB_05;Eva;acn acn;dual_identity;1;XC;C;1;1;1;right;self;1;1
91;7,49863013698630;7;f;CB_05;Eva;acn acn;dual_identity;2;CX;I;1;1;1;left;wind;1;1
91;7,49863013698630;7;f;CB_05;Eva;acn acn;control;1;CX;I;1;1;NA;right;self;0;0
91;7,49863013698630;7;f;CB_05;Eva;acn acn;control;2;XC;C;1;1;NA;left;wind;0;0
91;7,49863013698630;7;f;CB_05;Eva;acn acn;change_of_location;1;M0;C;1;1;1;left;self;0;1
91;7,49863013698630;7;f;CB_05;Eva;acn acn;change_of_location;2;0M;I;1;1;1;right;self;1;0
92;4,70684931506849;4;f;CB_03;Isa;acn acn;dual_identity;1;CX;C;1;1;1;left;self;1;1
92;4,70684931506849;4;f;CB_03;Isa;acn acn;dual_identity;2;CX;I;1;1;1;left;wind;1;1
92;4,70684931506849;4;f;CB_03;Isa;acn acn;control;1;CX;I;1;1;NA;left;wind;1;1
92;4,70684931506849;4;f;CB_03;Isa;acn acn;control;2;CX;C;1;1;NA;left;self;1;1
92;4,70684931506849;4;f;CB_03;Isa;acn acn;change_of_location;1;0M;C;1;1;1;right;wind;1;0
92;4,70684931506849;4;f;CB_03;Isa;acn acn;change_of_location;2;0M;I;1;1;1;right;self;1;0
93;6,66849315068493;6;f;CB_16;Eva;acn acn;dual_identity;1;CX;I;1;1;1;left;wind;1;1
93;6,66849315068493;6;f;CB_16;Eva;acn acn;dual_identity;2;XC;C;1;1;1;right;self;1;1
93;6,66849315068493;6;f;CB_16;Eva;acn acn;control;1;CX;C;1;1;NA;right;wind;0;0
93;6,66849315068493;6;f;CB_16;Eva;acn acn;control;2;XC;I;1;1;NA;right;wind;1;1
93;6,66849315068493;6;f;CB_16;Eva;acn acn;change_of_location;1;0M;I;1;1;1;right;wind;1;1
93;6,66849315068493;6;f;CB_16;Eva;acn acn;change_of_location;2;M0;C;1;1;1;left;self;0;1
94;6,79726027397260;6;m;CB_10;Eva;acn acn;dual_identity;1;XC;I;1;1;1;right;self;1;0
94;6,79726027397260;6;m;CB_10;Eva;acn acn;dual_identity;2;XC;C;1;1;1;right;self;1;1
94;6,79726027397260;6;m;CB_10;Eva;acn acn;control;1;CX;C;1;1;NA;left;self;1;1
94;6,79726027397260;6;m;CB_10;Eva;acn acn;control;2;CX;I;1;1;NA;left;wind;1;1
94;6,79726027397260;6;m;CB_10;Eva;acn acn;change_of_location;1;M0;I;1;1;1;left;wind;0;1
94;6,79726027397260;6;m;CB_10;Eva;acn acn;change_of_location;2;M0;C;1;1;1;left;self;0;1
95;6,21369863013699;6;f;CB_30;Eva;nca nca;dual_identity;1;CX;I;1;0;1;left;wind;1;1
95;6,21369863013699;6;f;CB_30;Eva;nca nca;dual_identity;2;XC;C;1;0;1;right;self;1;1
95;6,21369863013699;6;f;CB_30;Eva;nca nca;control;1;CX;C;1;0;NA;NA;NA;NA;NA
95;6,21369863013699;6;f;CB_30;Eva;nca nca;control;2;XC;I;1;0;NA;NA;NA;NA;NA
95;6,21369863013699;6;f;CB_30;Eva;nca nca;change_of_location;1;0M;I;1;0;1;right;wind;1;1
95;6,21369863013699;6;f;CB_30;Eva;nca nca;change_of_location;2;M0;C;1;0;1;left;self;0;1
96;7,95616438356164;7;f;CB_12;Isa;acn acn;dual_identity;1;CX;I;1;1;1;left;wind;1;1
96;7,95616438356164;7;f;CB_12;Isa;acn acn;dual_identity;2;CX;C;1;1;1;left;self;1;1
96;7,95616438356164;7;f;CB_12;Isa;acn acn;control;1;CX;C;1;1;NA;left;self;1;1
96;7,95616438356164;7;f;CB_12;Isa;acn acn;control;2;CX;I;1;1;NA;left;wind;1;1
96;7,95616438356164;7;f;CB_12;Isa;acn acn;change_of_location;1;0M;I;1;1;1;right;wind;1;1
96;7,95616438356164;7;f;CB_12;Isa;acn acn;change_of_location;2;0M;C;1;1;1;right;self;1;1
97;7,34520547945205;7;f;CB_29;Eva;nca nca;dual_identity;1;XC;I;1;1;1;right;wind;1;1
97;7,34520547945205;7;f;CB_29;Eva;nca nca;dual_identity;2;CX;C;1;1;1;left;self;1;1
97;7,34520547945205;7;f;CB_29;Eva;nca nca;control;1;XC;C;1;1;NA;left;wind;0;0
97;7,34520547945205;7;f;CB_29;Eva;nca nca;control;2;CX;I;1;1;NA;right;self;0;0
97;7,34520547945205;7;f;CB_29;Eva;nca nca;change_of_location;1;M0;I;1;1;1;left;wind;0;1
97;7,34520547945205;7;f;CB_29;Eva;nca nca;change_of_location;2;0M;C;1;1;1;right;self;1;1
100;6,64383561643836;6;m;CB_01;Eva;acn acn;dual_identity;1;XC;C;1;0;1;right;self;1;1
100;6,64383561643836;6;m;CB_01;Eva;acn acn;dual_identity;2;XC;I;1;0;1;right;wind;1;1
100;6,64383561643836;6;m;CB_01;Eva;acn acn;control;1;CX;I;1;0;NA;NA;NA;NA;NA
100;6,64383561643836;6;m;CB_01;Eva;acn acn;control;2;CX;C;1;0;NA;NA;NA;NA;NA
100;6,64383561643836;6;m;CB_01;Eva;acn acn;change_of_location;1;M0;C;1;0;1;left;self;0;1
100;6,64383561643836;6;m;CB_01;Eva;acn acn;change_of_location;2;M0;I;1;0;1;right;self;1;0
102;6,09589041095890;6;f;CB_04;Isa;acn acn;dual_identity;1;XC;C;1;1;1;right;self;1;1
102;6,09589041095890;6;f;CB_04;Isa;acn acn;dual_identity;2;XC;I;1;1;1;right;wind;1;1
102;6,09589041095890;6;f;CB_04;Isa;acn acn;control;1;XC;I;1;1;NA;right;wind;1;1
102;6,09589041095890;6;f;CB_04;Isa;acn acn;control;2;XC;C;1;1;NA;right;self;1;1
102;6,09589041095890;6;f;CB_04;Isa;acn acn;change_of_location;1;M0;C;1;1;1;left;self;0;1
102;6,09589041095890;6;f;CB_04;Isa;acn acn;change_of_location;2;M0;I;1;1;1;left;wind;0;1
104;6,43013698630137;6;f;CB_06;Eva;acn acn;dual_identity;1;CX;C;1;1;1;left;wind;1;0
104;6,43013698630137;6;f;CB_06;Eva;acn acn;dual_identity;2;XC;I;1;1;1;right;wind;1;1
104;6,43013698630137;6;f;CB_06;Eva;acn acn;control;1;XC;I;1;1;NA;right;wind;1;1
104;6,43013698630137;6;f;CB_06;Eva;acn acn;control;2;CX;C;1;1;NA;left;wind;1;0
104;6,43013698630137;6;f;CB_06;Eva;acn acn;change_of_location;1;0M;C;1;1;1;right;wind;1;0
104;6,43013698630137;6;f;CB_06;Eva;acn acn;change_of_location;2;M0;I;1;1;1;left;wind;0;1
105;4,96164383561644;4;f;CB_06;Isa;acn acn;dual_identity;1;CX;C;0;1;NA;NA;NA;NA;NA
105;4,96164383561644;4;f;CB_06;Isa;acn acn;dual_identity;2;XC;I;0;1;1;NA;NA;NA;NA
105;4,96164383561644;4;f;CB_06;Isa;acn acn;control;1;XC;I;0;1;NA;left;wind;0;1
105;4,96164383561644;4;f;CB_06;Isa;acn acn;control;2;CX;C;0;1;NA;right;self;0;1
105;4,96164383561644;4;f;CB_06;Isa;acn acn;change_of_location;1;0M;C;0;1;1;right;self;1;1
105;4,96164383561644;4;f;CB_06;Isa;acn acn;change_of_location;2;M0;I;0;1;1;left;wind;0;1
106;6,40821917808219;6;m;CB_08;Eva;acn acn;dual_identity;1;XC;C;1;1;1;right;self;1;1
106;6,40821917808219;6;m;CB_08;Eva;acn acn;dual_identity;2;CX;I;1;1;1;left;wind;1;1
106;6,40821917808219;6;m;CB_08;Eva;acn acn;control;1;XC;I;1;1;NA;right;wind;1;1
106;6,40821917808219;6;m;CB_08;Eva;acn acn;control;2;CX;C;1;1;NA;left;self;1;1
106;6,40821917808219;6;m;CB_08;Eva;acn acn;change_of_location;1;M0;C;1;1;1;right;self;1;1
106;6,40821917808219;6;m;CB_08;Eva;acn acn;change_of_location;2;0M;I;1;1;1;right;wind;1;1
107;7,88493150684932;7;f;CB_09;Isa;acn acn;dual_identity;1;CX;I;1;1;1;left;wind;1;1
107;7,88493150684932;7;f;CB_09;Isa;acn acn;dual_identity;2;CX;C;1;1;1;left;self;1;1
107;7,88493150684932;7;f;CB_09;Isa;acn acn;control;1;XC;C;1;1;NA;right;self;1;1
107;7,88493150684932;7;f;CB_09;Isa;acn acn;control;2;XC;I;1;1;NA;right;wind;1;1
107;7,88493150684932;7;f;CB_09;Isa;acn acn;change_of_location;1;0M;I;1;1;1;right;wind;1;1
107;7,88493150684932;7;f;CB_09;Isa;acn acn;change_of_location;2;0M;C;1;1;1;right;self;1;1
108;5,50410958904110;5;f;CB_11;Isa;acn acn;dual_identity;1;XC;I;1;1;1;left;self;0;0
108;5,50410958904110;5;f;CB_11;Isa;acn acn;dual_identity;2;XC;C;1;1;1;right;self;1;1
108;5,50410958904110;5;f;CB_11;Isa;acn acn;control;1;XC;C;1;1;NA;right;wind;1;0
108;5,50410958904110;5;f;CB_11;Isa;acn acn;control;2;XC;I;1;1;NA;right;wind;1;1
108;5,50410958904110;5;f;CB_11;Isa;acn acn;change_of_location;1;M0;I;1;1;1;right;self;1;0
108;5,50410958904110;5;f;CB_11;Isa;acn acn;change_of_location;2;M0;C;1;1;1;right;wind;1;0
109;4,63287671232877;4;m;CB_14;Eva;acn acn;dual_identity;1;XC;I;1;1;1;right;self;1;0
109;4,63287671232877;4;m;CB_14;Eva;acn acn;dual_identity;2;CX;C;1;1;1;right;wind;0;0
109;4,63287671232877;4;m;CB_14;Eva;acn acn;control;1;CX;C;1;1;NA;right;self;0;1
109;4,63287671232877;4;m;CB_14;Eva;acn acn;control;2;XC;I;1;1;NA;left;self;0;0
109;4,63287671232877;4;m;CB_14;Eva;acn acn;change_of_location;1;M0;I;1;1;0;NA;NA;NA;NA
109;4,63287671232877;4;m;CB_14;Eva;acn acn;change_of_location;2;0M;C;1;1;1;left;wind;0;0
112;5,36712328767123;5;f;CB_18;Eva;nca nca;dual_identity;1;XC;C;0;0;1;NA;NA;NA;NA
112;5,36712328767123;5;f;CB_18;Eva;nca nca;dual_identity;2;XC;I;0;0;1;NA;NA;NA;NA
112;5,36712328767123;5;f;CB_18;Eva;nca nca;control;1;XC;I;0;0;NA;NA;NA;NA;NA
112;5,36712328767123;5;f;CB_18;Eva;nca nca;control;2;XC;C;0;0;NA;NA;NA;NA;NA
112;5,36712328767123;5;f;CB_18;Eva;nca nca;change_of_location;1;M0;C;0;0;1;left;wind;0;0
112;5,36712328767123;5;f;CB_18;Eva;nca nca;change_of_location;2;M0;I;0;0;1;left;self;0;0
114;4,54520547945206;4;m;CB_20;Eva;nca nca;dual_identity;1;CX;C;0;0;1;NA;NA;NA;NA
114;4,54520547945206;4;m;CB_20;Eva;nca nca;dual_identity;2;CX;I;0;0;1;NA;NA;NA;NA
114;4,54520547945206;4;m;CB_20;Eva;nca nca;control;1;XC;I;0;0;NA;NA;NA;NA;NA
114;4,54520547945206;4;m;CB_20;Eva;nca nca;control;2;XC;C;0;0;NA;NA;NA;NA;NA
114;4,54520547945206;4;m;CB_20;Eva;nca nca;change_of_location;1;0M;C;0;0;1;left;self;0;1
114;4,54520547945206;4;m;CB_20;Eva;nca nca;change_of_location;2;0M;I;0;0;1;right;wind;1;1
115;4,94246575342466;4;m;CB_21;Eva;nca nca;dual_identity;1;CX;C;1;0;1;right;wind;0;0
115;4,94246575342466;4;m;CB_21;Eva;nca nca;dual_identity;2;XC;I;1;0;1;left;wind;0;1
115;4,94246575342466;4;m;CB_21;Eva;nca nca;control;1;CX;I;1;0;NA;NA;NA;NA;NA
115;4,94246575342466;4;m;CB_21;Eva;nca nca;control;2;XC;C;1;0;NA;NA;NA;NA;NA
115;4,94246575342466;4;m;CB_21;Eva;nca nca;change_of_location;1;0M;C;1;0;1;left;wind;0;0
115;4,94246575342466;4;m;CB_21;Eva;nca nca;change_of_location;2;M0;I;1;0;1;right;wind;1;1
117;7,55616438356164;7;f;CB_22;Isa;nca nca;dual_identity;1;XC;C;1;1;1;right;self;1;1
117;7,55616438356164;7;f;CB_22;Isa;nca nca;dual_identity;2;CX;I;1;1;1;left;wind;1;1
117;7,55616438356164;7;f;CB_22;Isa;nca nca;control;1;XC;I;1;1;NA;right;wind;1;1
117;7,55616438356164;7;f;CB_22;Isa;nca nca;control;2;CX;C;1;1;NA;left;self;1;1
117;7,55616438356164;7;f;CB_22;Isa;nca nca;change_of_location;1;M0;C;1;1;1;left;self;0;1
117;7,55616438356164;7;f;CB_22;Isa;nca nca;change_of_location;2;0M;I;1;1;1;right;wind;1;1
119;5,43013698630137;5;f;CB_24;Eva;nca nca;dual_identity;1;CX;C;1;1;1;left;self;1;1
119;5,43013698630137;5;f;CB_24;Eva;nca nca;dual_identity;2;XC;I;1;1;1;right;wind;1;1
119;5,43013698630137;5;f;CB_24;Eva;nca nca;control;1;XC;I;1;1;NA;right;wind;1;1
119;5,43013698630137;5;f;CB_24;Eva;nca nca;control;2;CX;C;1;1;NA;left;self;1;1
119;5,43013698630137;5;f;CB_24;Eva;nca nca;change_of_location;1;0M;C;1;1;1;right;self;1;1
119;5,43013698630137;5;f;CB_24;Eva;nca nca;change_of_location;2;M0;I;1;1;1;left;wind;0;1
120;5,41917808219178;5;m;CB_25;Eva;nca nca;dual_identity;1;XC;I;1;1;1;right;wind;1;1
120;5,41917808219178;5;m;CB_25;Eva;nca nca;dual_identity;2;XC;C;1;1;1;right;self;1;1
120;5,41917808219178;5;m;CB_25;Eva;nca nca;control;1;XC;C;1;1;NA;right;self;1;1
120;5,41917808219178;5;m;CB_25;Eva;nca nca;control;2;XC;I;1;1;NA;right;wind;1;1
120;5,41917808219178;5;m;CB_25;Eva;nca nca;change_of_location;1;M0;I;1;1;1;right;self;1;0
120;5,41917808219178;5;m;CB_25;Eva;nca nca;change_of_location;2;M0;C;1;1;1;left;self;0;1
122;6,52328767123288;6;m;CB_26;Isa;nca nca;dual_identity;1;CX;I;1;1;1;left;wind;1;1
122;6,52328767123288;6;m;CB_26;Isa;nca nca;dual_identity;2;CX;C;1;1;1;right;wind;0;0
122;6,52328767123288;6;m;CB_26;Isa;nca nca;control;1;CX;C;1;1;NA;right;wind;0;0
122;6,52328767123288;6;m;CB_26;Isa;nca nca;control;2;CX;I;1;1;NA;left;wind;1;1
122;6,52328767123288;6;m;CB_26;Isa;nca nca;change_of_location;1;0M;I;1;1;1;left;self;0;0
122;6,52328767123288;6;m;CB_26;Isa;nca nca;change_of_location;2;0M;C;1;1;1;left;wind;0;0
124;4,70958904109589;4;f;CB_28;Isa;nca nca;dual_identity;1;XC;I;1;1;1;left;self;0;0
124;4,70958904109589;4;f;CB_28;Isa;nca nca;dual_identity;2;XC;C;1;1;1;left;wind;0;0
124;4,70958904109589;4;f;CB_28;Isa;nca nca;control;1;CX;C;1;1;NA;left;self;1;1
124;4,70958904109589;4;f;CB_28;Isa;nca nca;control;2;CX;I;1;1;NA;right;self;0;0
124;4,70958904109589;4;f;CB_28;Isa;nca nca;change_of_location;1;M0;I;1;1;1;right;self;1;0
124;4,70958904109589;4;f;CB_28;Isa;nca nca;change_of_location;2;M0;C;1;1;1;right;self;1;1
125;7,10684931506849;7;m;CB_31;Isa;nca nca;dual_identity;1;CX;I;1;1;1;left;wind;1;1
125;7,10684931506849;7;m;CB_31;Isa;nca nca;dual_identity;2;XC;C;1;1;1;right;self;1;1
125;7,10684931506849;7;m;CB_31;Isa;nca nca;control;1;XC;C;1;1;NA;right;self;1;1
125;7,10684931506849;7;m;CB_31;Isa;nca nca;control;2;CX;I;1;1;NA;left;wind;1;1
125;7,10684931506849;7;m;CB_31;Isa;nca nca;change_of_location;1;0M;I;1;1;1;right;wind;1;1
125;7,10684931506849;7;m;CB_31;Isa;nca nca;change_of_location;2;M0;C;1;1;1;left;self;0;1
126;5,35342465753425;5;f;CB_32;Isa;nca nca;dual_identity;1;XC;I;0;1;1;NA;NA;NA;NA
126;5,35342465753425;5;f;CB_32;Isa;nca nca;dual_identity;2;CX;C;0;1;1;NA;NA;NA;NA
126;5,35342465753425;5;f;CB_32;Isa;nca nca;control;1;CX;C;0;1;NA;left;self;1;1
126;5,35342465753425;5;f;CB_32;Isa;nca nca;control;2;XC;I;0;1;NA;right;wind;1;1
126;5,35342465753425;5;f;CB_32;Isa;nca nca;change_of_location;1;M0;I;0;1;1;left;wind;0;1
126;5,35342465753425;5;f;CB_32;Isa;nca nca;change_of_location;2;0M;C;0;1;1;right;self;1;1
127;4,29589041095890;4;f;CB_27;Isa;nca nca;dual_identity;1;CX;I;1;1;1;left;wind;1;1
127;4,29589041095890;4;f;CB_27;Isa;nca nca;dual_identity;2;CX;C;1;1;1;left;self;1;1
127;4,29589041095890;4;f;CB_27;Isa;nca nca;control;1;XC;C;1;1;NA;left;wind;0;0
127;4,29589041095890;4;f;CB_27;Isa;nca nca;control;2;XC;I;1;1;NA;left;wind;0;1
127;4,29589041095890;4;f;CB_27;Isa;nca nca;change_of_location;1;0M;I;1;1;1;left;self;0;0
127;4,29589041095890;4;f;CB_27;Isa;nca nca;change_of_location;2;0M;C;1;1;1;left;wind;0;0
128;4,28219178082192;4;f;CB_26;Isa;nca nca;dual_identity;1;CX;I;1;1;1;left;self;1;0
128;4,28219178082192;4;f;CB_26;Isa;nca nca;dual_identity;2;CX;C;1;1;1;left;self;1;1
128;4,28219178082192;4;f;CB_26;Isa;nca nca;control;1;CX;C;1;1;NA;left;self;1;1
128;4,28219178082192;4;f;CB_26;Isa;nca nca;control;2;CX;I;1;1;NA;left;wind;1;1
128;4,28219178082192;4;f;CB_26;Isa;nca nca;change_of_location;1;0M;I;1;1;1;left;self;0;0
128;4,28219178082192;4;f;CB_26;Isa;nca nca;change_of_location;2;0M;C;1;1;1;left;wind;0;0
129;4,79452054794521;4;m;CB_23;Isa;nca nca;dual_identity;1;XC;C;1;1;1;right;self;1;1
129;4,79452054794521;4;m;CB_23;Isa;nca nca;dual_identity;2;CX;I;1;1;1;left;self;1;0
129;4,79452054794521;4;m;CB_23;Isa;nca nca;control;1;CX;I;1;1;NA;right;self;0;0
129;4,79452054794521;4;m;CB_23;Isa;nca nca;control;2;XC;C;1;1;NA;right;self;1;1
129;4,79452054794521;4;m;CB_23;Isa;nca nca;change_of_location;1;M0;C;1;1;1;left;self;0;1
129;4,79452054794521;4;m;CB_23;Isa;nca nca;change_of_location;2;0M;I;1;1;1;right;self;1;0
130;7,58356164383562;7;f;CB_20;Isa;nca nca;dual_identity;1;CX;C;1;1;1;left;self;1;1
130;7,58356164383562;7;f;CB_20;Isa;nca nca;dual_identity;2;CX;I;1;1;1;left;wind;1;1
130;7,58356164383562;7;f;CB_20;Isa;nca nca;control;1;XC;I;1;1;NA;right;wind;1;1
130;7,58356164383562;7;f;CB_20;Isa;nca nca;control;2;XC;C;1;1;NA;right;self;1;1
130;7,58356164383562;7;f;CB_20;Isa;nca nca;change_of_location;1;0M;C;1;1;1;right;self;1;1
130;7,58356164383562;7;f;CB_20;Isa;nca nca;change_of_location;2;0M;I;1;1;1;right;self;1;0
131;5,31780821917808;5;m;CB_19;Eva;nca nca;dual_identity;1;XC;C;1;1;1;right;self;1;1
131;5,31780821917808;5;m;CB_19;Eva;nca nca;dual_identity;2;XC;I;1;1;1;right;wind;1;1
131;5,31780821917808;5;m;CB_19;Eva;nca nca;control;1;CX;I;1;1;NA;left;self;1;0
131;5,31780821917808;5;m;CB_19;Eva;nca nca;control;2;CX;C;1;1;NA;left;self;1;1
131;5,31780821917808;5;m;CB_19;Eva;nca nca;change_of_location;1;M0;C;1;1;1;left;wind;0;0
131;5,31780821917808;5;m;CB_19;Eva;nca nca;change_of_location;2;M0;I;1;1;1;left;wind;0;1
132;5,90958904109589;5;m;CB_18;Isa;nca nca;dual_identity;1;XC;C;1;1;1;right;self;1;1
132;5,90958904109589;5;m;CB_18;Isa;nca nca;dual_identity;2;XC;I;1;1;1;right;wind;1;1
132;5,90958904109589;5;m;CB_18;Isa;nca nca;control;1;XC;I;1;1;NA;left;self;0;0
132;5,90958904109589;5;m;CB_18;Isa;nca nca;control;2;XC;C;1;1;NA;right;self;1;1
132;5,90958904109589;5;m;CB_18;Isa;nca nca;change_of_location;1;M0;C;1;1;1;left;wind;0;0
132;5,90958904109589;5;m;CB_18;Isa;nca nca;change_of_location;2;M0;I;1;1;1;left;wind;0;1
133;4,79178082191781;4;m;CB_15;Isa;acn acn;dual_identity;1;XC;I;1;1;1;right;wind;1;1
133;4,79178082191781;4;m;CB_15;Isa;acn acn;dual_identity;2;CX;C;1;1;1;left;self;1;1
133;4,79178082191781;4;m;CB_15;Isa;acn acn;control;1;XC;C;1;1;NA;right;self;1;1
133;4,79178082191781;4;m;CB_15;Isa;acn acn;control;2;CX;I;1;1;NA;left;wind;1;1
133;4,79178082191781;4;m;CB_15;Isa;acn acn;change_of_location;1;M0;I;1;1;1;left;wind;0;1
133;4,79178082191781;4;m;CB_15;Isa;acn acn;change_of_location;2;0M;C;1;1;NA;NA;NA;NA;NA
134;4,98904109589041;4;f;CB_15;Eva;acn acn;dual_identity;1;XC;I;1;1;1;right;wind;1;1
134;4,98904109589041;4;f;CB_15;Eva;acn acn;dual_identity;2;CX;C;1;1;1;left;self;1;1
134;4,98904109589041;4;f;CB_15;Eva;acn acn;control;1;XC;C;1;1;NA;right;self;1;1
134;4,98904109589041;4;f;CB_15;Eva;acn acn;control;2;CX;I;1;1;NA;left;wind;1;1
134;4,98904109589041;4;f;CB_15;Eva;acn acn;change_of_location;1;M0;I;1;1;1;left;wind;0;1
134;4,98904109589041;4;f;CB_15;Eva;acn acn;change_of_location;2;0M;C;1;1;1;right;self;1;1
135;6,93972602739726;6;f;CB_05;Eva;acn acn;dual_identity;1;XC;C;1;1;1;right;self;1;1
135;6,93972602739726;6;f;CB_05;Eva;acn acn;dual_identity;2;CX;I;1;1;1;left;wind;1;1
135;6,93972602739726;6;f;CB_05;Eva;acn acn;control;1;CX;I;1;1;NA;left;wind;1;1
135;6,93972602739726;6;f;CB_05;Eva;acn acn;control;2;XC;C;1;1;NA;right;self;1;1
135;6,93972602739726;6;f;CB_05;Eva;acn acn;change_of_location;1;M0;C;1;1;1;left;self;0;1
135;6,93972602739726;6;f;CB_05;Eva;acn acn;change_of_location;2;0M;I;1;1;1;right;wind;1;1
137;7,07945205479452;7;f;CB_02;Eva;acn acn;dual_identity;1;CX;C;1;1;1;left;self;1;1
137;7,07945205479452;7;f;CB_02;Eva;acn acn;dual_identity;2;CX;I;1;1;1;left;wind;1;1
137;7,07945205479452;7;f;CB_02;Eva;acn acn;control;1;XC;I;1;1;NA;right;wind;1;1
137;7,07945205479452;7;f;CB_02;Eva;acn acn;control;2;XC;C;1;1;NA;right;self;1;1
137;7,07945205479452;7;f;CB_02;Eva;acn acn;change_of_location;1;0M;C;1;1;1;right;self;1;1
137;7,07945205479452;7;f;CB_02;Eva;acn acn;change_of_location;2;0M;I;1;1;1;right;wind;1;1
138;4,84109589041096;4;m;CB_30;Eva;nca nca;dual_identity;1;CX;I;1;1;1;right;wind;0;1
138;4,84109589041096;4;m;CB_30;Eva;nca nca;dual_identity;2;XC;C;1;1;1;left;wind;0;0
138;4,84109589041096;4;m;CB_30;Eva;nca nca;control;1;CX;C;1;1;NA;left;wind;1;0
138;4,84109589041096;4;m;CB_30;Eva;nca nca;control;2;XC;I;1;1;NA;right;wind;1;1
138;4,84109589041096;4;m;CB_30;Eva;nca nca;change_of_location;1;0M;I;1;1;1;left;wind;0;1
138;4,84109589041096;4;m;CB_30;Eva;nca nca;change_of_location;2;M0;C;1;1;1;right;wind;1;0
139;4,45753424657534;4;f;CB_12;Eva;acn acn;dual_identity;1;CX;I;1;1;1;left;wind;1;1
139;4,45753424657534;4;f;CB_12;Eva;acn acn;dual_identity;2;CX;C;1;1;1;left;self;1;1
139;4,45753424657534;4;f;CB_12;Eva;acn acn;control;1;CX;C;1;1;NA;right;wind;0;0
139;4,45753424657534;4;f;CB_12;Eva;acn acn;control;2;CX;I;1;1;NA;left;wind;1;1
139;4,45753424657534;4;f;CB_12;Eva;acn acn;change_of_location;1;0M;I;1;1;1;right;wind;1;1
139;4,45753424657534;4;f;CB_12;Eva;acn acn;change_of_location;2;0M;C;1;1;1;left;wind;0;0
142;7,02185792349727;7;m;CB_30;Isa;nca nca;dual_identity;1;CX;I;1;1;1;left;wind;1;1
142;7,02185792349727;7;m;CB_30;Isa;nca nca;dual_identity;2;XC;C;1;1;1;right;self;1;1
142;7,02185792349727;7;m;CB_30;Isa;nca nca;control;1;CX;C;1;1;NA;left;self;1;1
142;7,02185792349727;7;m;CB_30;Isa;nca nca;control;2;XC;I;1;1;NA;right;wind;1;1
142;7,02185792349727;7;m;CB_30;Isa;nca nca;change_of_location;1;0M;I;1;1;1;right;wind;1;1
142;7,02185792349727;7;m;CB_30;Isa;nca nca;change_of_location;2;M0;C;1;1;1;left;self;0;1
143;5,12602739726027;5;m;CB_12;Eva;acn acn;dual_identity;1;CX;I;0;1;0;NA;NA;NA;NA
143;5,12602739726027;5;m;CB_12;Eva;acn acn;dual_identity;2;CX;C;0;1;1;NA;NA;NA;NA
143;5,12602739726027;5;m;CB_12;Eva;acn acn;control;1;CX;C;0;1;NA;left;self;1;1
143;5,12602739726027;5;m;CB_12;Eva;acn acn;control;2;CX;I;0;1;NA;left;wind;1;1
143;5,12602739726027;5;m;CB_12;Eva;acn acn;change_of_location;1;0M;I;0;1;1;right;wind;1;1
143;5,12602739726027;5;m;CB_12;Eva;acn acn;change_of_location;2;0M;C;0;1;1;left;wind;0;0
144;4,73698630136986;4;f;CB_13;Eva;acn acn;dual_identity;1;CX;I;1;1;1;left;wind;1;1
144;4,73698630136986;4;f;CB_13;Eva;acn acn;dual_identity;2;XC;C;1;1;1;right;self;1;1
144;4,73698630136986;4;f;CB_13;Eva;acn acn;control;1;XC;C;1;1;NA;right;self;1;1
144;4,73698630136986;4;f;CB_13;Eva;acn acn;control;2;CX;I;1;1;NA;left;wind;1;1
144;4,73698630136986;4;f;CB_13;Eva;acn acn;change_of_location;1;0M;I;1;1;1;left;self;0;0
144;4,73698630136986;4;f;CB_13;Eva;acn acn;change_of_location;2;M0;C;1;1;1;right;wind;1;0
145;6,42739726027397;6;m;CB_17;Eva;nca nca;dual_identity;1;CX;C;1;1;1;left;self;1;1
145;6,42739726027397;6;m;CB_17;Eva;nca nca;dual_identity;2;CX;I;1;1;1;left;wind;1;1
145;6,42739726027397;6;m;CB_17;Eva;nca nca;control;1;CX;I;1;1;NA;left;wind;1;1
145;6,42739726027397;6;m;CB_17;Eva;nca nca;control;2;CX;C;1;1;NA;left;self;1;1
145;6,42739726027397;6;m;CB_17;Eva;nca nca;change_of_location;1;0M;C;1;1;1;right;self;1;1
145;6,42739726027397;6;m;CB_17;Eva;nca nca;change_of_location;2;0M;I;1;1;1;right;self;1;0
146;6,00819672131148;6;f;CB_29;Eva;nca nca;dual_identity;1;XC;I;1;1;1;right;wind;1;1
146;6,00819672131148;6;f;CB_29;Eva;nca nca;dual_identity;2;CX;C;1;1;1;left;wind;1;0
146;6,00819672131148;6;f;CB_29;Eva;nca nca;control;1;XC;C;1;1;NA;right;self;1;1
146;6,00819672131148;6;f;CB_29;Eva;nca nca;control;2;CX;I;1;1;NA;left;wind;1;1
146;6,00819672131148;6;f;CB_29;Eva;nca nca;change_of_location;1;M0;I;1;1;1;left;wind;0;1
146;6,00819672131148;6;f;CB_29;Eva;nca nca;change_of_location;2;0M;C;1;1;1;right;self;1;1
149;7,89863013698630;7;f;CB_30;Eva;nca nca;dual_identity;1;CX;I;1;1;1;left;wind;1;1
149;7,89863013698630;7;f;CB_30;Eva;nca nca;dual_identity;2;XC;C;1;1;1;right;self;1;1
149;7,89863013698630;7;f;CB_30;Eva;nca nca;control;1;CX;C;1;1;NA;left;self;1;1
149;7,89863013698630;7;f;CB_30;Eva;nca nca;control;2;XC;I;1;1;NA;right;wind;1;1
149;7,89863013698630;7;f;CB_30;Eva;nca nca;change_of_location;1;0M;I;1;1;1;right;wind;1;1
149;7,89863013698630;7;f;CB_30;Eva;nca nca;change_of_location;2;M0;C;1;1;1;left;self;0;1
150;5,34246575342466;5;m;CB_01;Eva;acn acn;dual_identity;1;XC;C;1;0;1;right;self;1;1
150;5,34246575342466;5;m;CB_01;Eva;acn acn;dual_identity;2;XC;I;1;0;0;NA;NA;NA;NA
150;5,34246575342466;5;m;CB_01;Eva;acn acn;control;1;CX;I;1;0;NA;NA;NA;NA;NA
150;5,34246575342466;5;m;CB_01;Eva;acn acn;control;2;CX;C;1;0;NA;NA;NA;NA;NA
150;5,34246575342466;5;m;CB_01;Eva;acn acn;change_of_location;1;M0;C;1;0;1;right;wind;1;0
150;5,34246575342466;5;m;CB_01;Eva;acn acn;change_of_location;2;M0;I;1;0;1;right;self;1;0
152;5,04371584699454;5;f;CB_02;Eva;acn acn;dual_identity;1;CX;C;1;1;1;left;self;1;1
152;5,04371584699454;5;f;CB_02;Eva;acn acn;dual_identity;2;CX;I;1;1;1;left;wind;1;1
152;5,04371584699454;5;f;CB_02;Eva;acn acn;control;1;XC;I;1;1;NA;left;self;0;0
152;5,04371584699454;5;f;CB_02;Eva;acn acn;control;2;XC;C;1;1;NA;right;self;1;1
152;5,04371584699454;5;f;CB_02;Eva;acn acn;change_of_location;1;0M;C;1;1;1;right;wind;1;0
152;5,04371584699454;5;f;CB_02;Eva;acn acn;change_of_location;2;0M;I;1;1;1;right;wind;1;1
153;4,80547945205479;4;f;CB_03;Isa;acn acn;dual_identity;1;CX;C;1;1;1;right;wind;0;0
153;4,80547945205479;4;f;CB_03;Isa;acn acn;dual_identity;2;CX;I;1;1;1;right;self;0;0
153;4,80547945205479;4;f;CB_03;Isa;acn acn;control;1;CX;I;1;1;NA;right;self;0;0
153;4,80547945205479;4;f;CB_03;Isa;acn acn;control;2;CX;C;1;1;NA;left;self;1;1
153;4,80547945205479;4;f;CB_03;Isa;acn acn;change_of_location;1;0M;C;1;1;1;left;wind;0;0
153;4,80547945205479;4;f;CB_03;Isa;acn acn;change_of_location;2;0M;I;1;1;1;left;self;0;0
154;6,31780821917808;6;m;CB_04;Isa;acn acn;dual_identity;1;XC;C;0;1;1;NA;NA;NA;NA
154;6,31780821917808;6;m;CB_04;Isa;acn acn;dual_identity;2;XC;I;0;1;1;NA;NA;NA;NA
154;6,31780821917808;6;m;CB_04;Isa;acn acn;control;1;XC;I;0;1;NA;right;wind;1;1
154;6,31780821917808;6;m;CB_04;Isa;acn acn;control;2;XC;C;0;1;NA;right;self;1;1
154;6,31780821917808;6;m;CB_04;Isa;acn acn;change_of_location;1;M0;C;0;1;1;left;wind;0;0
154;6,31780821917808;6;m;CB_04;Isa;acn acn;change_of_location;2;M0;I;0;1;1;left;wind;0;1
155;6,03278688524590;6;m;CB_07;Isa;acn acn;dual_identity;1;CX;C;1;1;1;right;wind;0;0
155;6,03278688524590;6;m;CB_07;Isa;acn acn;dual_identity;2;XC;I;1;1;1;left;self;0;0
155;6,03278688524590;6;m;CB_07;Isa;acn acn;control;1;CX;I;1;1;NA;left;self;1;0
155;6,03278688524590;6;m;CB_07;Isa;acn acn;control;2;XC;C;1;1;NA;right;self;1;1
155;6,03278688524590;6;m;CB_07;Isa;acn acn;change_of_location;1;0M;C;1;1;1;left;wind;0;0
155;6,03278688524590;6;m;CB_07;Isa;acn acn;change_of_location;2;M0;I;1;1;1;right;self;1;0
156;7,86849315068493;7;f;CB_10;Isa;acn acn;dual_identity;1;XC;I;1;1;1;right;wind;1;1
156;7,86849315068493;7;f;CB_10;Isa;acn acn;dual_identity;2;XC;C;1;1;1;right;wind;1;0
156;7,86849315068493;7;f;CB_10;Isa;acn acn;control;1;CX;C;1;1;NA;left;wind;1;0
156;7,86849315068493;7;f;CB_10;Isa;acn acn;control;2;CX;I;1;1;NA;left;wind;1;1
156;7,86849315068493;7;f;CB_10;Isa;acn acn;change_of_location;1;M0;I;1;1;1;left;wind;0;1
156;7,86849315068493;7;f;CB_10;Isa;acn acn;change_of_location;2;M0;C;1;1;1;left;wind;0;0
157;6,41369863013699;6;f;CB_13;Eva;acn acn;dual_identity;1;CX;I;1;1;1;left;wind;1;1
157;6,41369863013699;6;f;CB_13;Eva;acn acn;dual_identity;2;XC;C;1;1;1;right;self;1;1
157;6,41369863013699;6;f;CB_13;Eva;acn acn;control;1;XC;C;1;1;NA;right;self;1;1
157;6,41369863013699;6;f;CB_13;Eva;acn acn;control;2;CX;I;1;1;NA;left;wind;1;1
157;6,41369863013699;6;f;CB_13;Eva;acn acn;change_of_location;1;0M;I;1;1;1;right;wind;1;1
157;6,41369863013699;6;f;CB_13;Eva;acn acn;change_of_location;2;M0;C;1;1;1;right;self;1;1
158;5,22739726027397;5;m;CB_17;Isa;nca nca;dual_identity;1;CX;C;0;1;1;NA;NA;NA;NA
158;5,22739726027397;5;m;CB_17;Isa;nca nca;dual_identity;2;CX;I;0;1;1;NA;NA;NA;NA
158;5,22739726027397;5;m;CB_17;Isa;nca nca;control;1;CX;I;0;1;NA;left;wind;1;1
158;5,22739726027397;5;m;CB_17;Isa;nca nca;control;2;CX;C;0;1;NA;left;self;1;1
158;5,22739726027397;5;m;CB_17;Isa;nca nca;change_of_location;1;0M;C;0;1;1;right;wind;1;0
158;5,22739726027397;5;m;CB_17;Isa;nca nca;change_of_location;2;0M;I;0;1;1;left;self;0;0
159;5,54794520547945;5;f;CB_19;Isa;nca nca;dual_identity;1;XC;C;1;1;1;right;self;1;1
159;5,54794520547945;5;f;CB_19;Isa;nca nca;dual_identity;2;XC;I;1;1;1;right;wind;1;1
159;5,54794520547945;5;f;CB_19;Isa;nca nca;control;1;CX;I;1;1;NA;left;wind;1;1
159;5,54794520547945;5;f;CB_19;Isa;nca nca;control;2;CX;C;1;1;NA;left;self;1;1
159;5,54794520547945;5;f;CB_19;Isa;nca nca;change_of_location;1;M0;C;1;1;1;left;wind;0;0
159;5,54794520547945;5;f;CB_19;Isa;nca nca;change_of_location;2;M0;I;1;1;1;left;wind;0;1
161;7,07377049180328;7;f;CB_29;Isa;nca nca;dual_identity;1;XC;I;1;1;1;right;wind;1;1
161;7,07377049180328;7;f;CB_29;Isa;nca nca;dual_identity;2;CX;C;1;1;1;left;self;1;1
161;7,07377049180328;7;f;CB_29;Isa;nca nca;control;1;XC;C;1;1;NA;right;self;1;1
161;7,07377049180328;7;f;CB_29;Isa;nca nca;control;2;CX;I;1;1;NA;left;wind;1;1
161;7,07377049180328;7;f;CB_29;Isa;nca nca;change_of_location;1;M0;I;1;1;1;left;wind;0;1
161;7,07377049180328;7;f;CB_29;Isa;nca nca;change_of_location;2;0M;C;1;1;1;right;self;1;1
162;7,36986301369863;7;f;CB_25;Isa;nca nca;dual_identity;1;XC;I;1;1;1;right;wind;1;1
162;7,36986301369863;7;f;CB_25;Isa;nca nca;dual_identity;2;XC;C;1;1;1;right;self;1;1
162;7,36986301369863;7;f;CB_25;Isa;nca nca;control;1;XC;C;1;1;NA;right;self;1;1
162;7,36986301369863;7;f;CB_25;Isa;nca nca;control;2;XC;I;1;1;NA;right;wind;1;1
162;7,36986301369863;7;f;CB_25;Isa;nca nca;change_of_location;1;M0;I;1;1;1;left;wind;0;1
162;7,36986301369863;7;f;CB_25;Isa;nca nca;change_of_location;2;M0;C;1;1;1;left;wind;0;0
163;4,43287671232877;4;f;CB_02;Eva;acn acn;dual_identity;1;CX;C;1;1;1;right;wind;0;0
163;4,43287671232877;4;f;CB_02;Eva;acn acn;dual_identity;2;CX;I;1;1;1;left;wind;1;1
163;4,43287671232877;4;f;CB_02;Eva;acn acn;control;1;XC;I;1;1;NA;right;wind;1;1
163;4,43287671232877;4;f;CB_02;Eva;acn acn;control;2;XC;C;1;1;NA;right;wind;1;0
163;4,43287671232877;4;f;CB_02;Eva;acn acn;change_of_location;1;0M;C;1;1;1;right;wind;1;0
163;4,43287671232877;4;f;CB_02;Eva;acn acn;change_of_location;2;0M;I;1;1;1;right;wind;1;1
164;7,23561643835616;7;m;CB_03;Eva;acn acn;dual_identity;1;CX;C;1;1;1;left;self;1;1
164;7,23561643835616;7;m;CB_03;Eva;acn acn;dual_identity;2;CX;I;1;1;1;left;wind;1;1
164;7,23561643835616;7;m;CB_03;Eva;acn acn;control;1;CX;I;1;1;NA;left;wind;1;1
164;7,23561643835616;7;m;CB_03;Eva;acn acn;control;2;CX;C;1;1;NA;left;self;1;1
164;7,23561643835616;7;m;CB_03;Eva;acn acn;change_of_location;1;0M;C;1;1;1;right;self;1;1
164;7,23561643835616;7;m;CB_03;Eva;acn acn;change_of_location;2;0M;I;1;1;1;right;wind;1;1
165;4,12841530054645;4;f;CB_05;Eva;acn acn;dual_identity;1;XC;C;1;1;1;right;self;1;1
165;4,12841530054645;4;f;CB_05;Eva;acn acn;dual_identity;2;CX;I;1;1;1;left;wind;1;1
165;4,12841530054645;4;f;CB_05;Eva;acn acn;control;1;CX;I;1;1;NA;left;wind;1;1
165;4,12841530054645;4;f;CB_05;Eva;acn acn;control;2;XC;C;1;1;NA;right;self;1;1
165;4,12841530054645;4;f;CB_05;Eva;acn acn;change_of_location;1;M0;C;1;1;1;right;wind;1;0
165;4,12841530054645;4;f;CB_05;Eva;acn acn;change_of_location;2;0M;I;1;1;0;NA;NA;NA;NA
167;7,69315068493151;7;m;CB_08;Eva;acn acn;dual_identity;1;XC;C;1;1;1;right;self;1;1
167;7,69315068493151;7;m;CB_08;Eva;acn acn;dual_identity;2;CX;I;1;1;1;left;wind;1;1
167;7,69315068493151;7;m;CB_08;Eva;acn acn;control;1;XC;I;1;1;NA;left;self;0;0
167;7,69315068493151;7;m;CB_08;Eva;acn acn;control;2;CX;C;1;1;NA;left;self;1;1
167;7,69315068493151;7;m;CB_08;Eva;acn acn;change_of_location;1;M0;C;1;1;1;left;self;0;1
167;7,69315068493151;7;m;CB_08;Eva;acn acn;change_of_location;2;0M;I;1;1;1;right;wind;1;1
168;5,46575342465753;5;f;CB_07;Eva;acn acn;dual_identity;1;CX;C;1;1;1;left;self;1;1
168;5,46575342465753;5;f;CB_07;Eva;acn acn;dual_identity;2;XC;I;1;1;1;right;wind;1;1
168;5,46575342465753;5;f;CB_07;Eva;acn acn;control;1;CX;I;1;1;NA;left;wind;1;1
168;5,46575342465753;5;f;CB_07;Eva;acn acn;control;2;XC;C;1;1;NA;right;self;1;1
168;5,46575342465753;5;f;CB_07;Eva;acn acn;change_of_location;1;0M;C;1;1;1;right;wind;1;0
168;5,46575342465753;5;f;CB_07;Eva;acn acn;change_of_location;2;M0;I;1;1;1;left;wind;0;1
169;5,17808219178082;5;f;CB_08;Eva;acn acn;dual_identity;1;XC;C;1;1;1;right;self;1;1
169;5,17808219178082;5;f;CB_08;Eva;acn acn;dual_identity;2;CX;I;1;1;1;left;wind;1;1
169;5,17808219178082;5;f;CB_08;Eva;acn acn;control;1;XC;I;1;1;NA;right;wind;1;1
169;5,17808219178082;5;f;CB_08;Eva;acn acn;control;2;CX;C;1;1;NA;left;self;1;1
169;5,17808219178082;5;f;CB_08;Eva;acn acn;change_of_location;1;M0;C;1;1;1;left;self;0;1
169;5,17808219178082;5;f;CB_08;Eva;acn acn;change_of_location;2;0M;I;1;1;1;right;wind;1;1
170;7,40821917808219;7;m;CB_10;Eva;acn acn;dual_identity;1;XC;I;1;1;1;right;wind;1;1
170;7,40821917808219;7;m;CB_10;Eva;acn acn;dual_identity;2;XC;C;1;1;1;right;self;1;1
170;7,40821917808219;7;m;CB_10;Eva;acn acn;control;1;CX;C;1;1;NA;left;self;1;1
170;7,40821917808219;7;m;CB_10;Eva;acn acn;control;2;CX;I;1;1;NA;left;wind;1;1
170;7,40821917808219;7;m;CB_10;Eva;acn acn;change_of_location;1;M0;I;1;1;1;left;wind;0;1
170;7,40821917808219;7;m;CB_10;Eva;acn acn;change_of_location;2;M0;C;1;1;1;left;self;0;1
