video_1,video_2,video_3,video_4,video_5,video_6,video_7,video_8,video_9,video_10,video_11,video_12,consisfam,outcomefam,order,consis,outcome,tb_fb_order,group
'videos/crown_comb_L.mp4','videos/cup_drum_R.mp4','videos/die_telescope_R.mp4','videos/flower_coin_L.mp4','videos/TB_ball_rattle_R.mp4','videos/FB_bottle_R.mp4','videos/TB_magnifier_tröte_L.mp4','videos/FB_map_L.mp4','videos/FB_pen_whistle_L.mp4','videos/TB_necklace_R.mp4','videos/FB_compass_bell_R.mp4','videos/TB_sword_L.mp4',IKKI,LRRL,acacacac,KIIKKIIK,RRLLLRRL,tftfftft,1
'videos/cup_drum_R.mp4','videos/die_telescope_R.mp4','videos/flower_coin_L.mp4','videos/crown_comb_L.mp4','videos/TB_ball_rattle_L.mp4','videos/FB_map_L.mp4','videos/TB_magnifier_tröte_R.mp4','videos/FB_necklace_R.mp4','videos/FB_pen_whistle_R.mp4','videos/TB_sword_L.mp4','videos/FB_compass_bell_L.mp4','videos/TB_bottle_R.mp4',IKKI,RRLL,acacacac,KIIKKIIK,LLRRRLLR,tftfftft,2
'videos/die_telescope_R.mp4','videos/flower_coin_L.mp4','videos/crown_comb_L.mp4','videos/cup_drum_R.mp4','videos/TB_ball_rattle_L.mp4','videos/FB_necklace_R.mp4','videos/TB_magnifier_tröte_R.mp4','videos/FB_sword_R.mp4','videos/FB_pen_whistle_L.mp4','videos/TB_bottle_L.mp4','videos/FB_compass_bell_R.mp4','videos/TB_map_L.mp4',IKKI,RLLR,acacacac,KIIKKIIK,LRRRLLRL,tftfftft,3
'videos/flower_coin_L.mp4','videos/crown_comb_L.mp4','videos/cup_drum_R.mp4','videos/die_telescope_R.mp4','videos/TB_ball_rattle_R.mp4','videos/FB_sword_L.mp4','videos/TB_magnifier_tröte_L.mp4','videos/FB_bottle_L.mp4','videos/FB_pen_whistle_R.mp4','videos/TB_map_R.mp4','videos/FB_compass_bell_R.mp4','videos/TB_necklace_L.mp4',IKKI,LLRR,acacacac,KIIKKIIK,RLLLRRRL,tftfftft,4
'videos/crown_comb_L.mp4','videos/cup_drum_R.mp4','videos/die_telescope_R.mp4','videos/flower_coin_L.mp4','videos/TB_compass_bell_R.mp4','videos/FB_bottle_R.mp4','videos/TB_pen_whistle_L.mp4','videos/FB_map_R.mp4','videos/FB_magnifier_tröte_R.mp4','videos/TB_necklace_L.mp4','videos/FB_ball_rattle_R.mp4','videos/TB_sword_L.mp4',KIIK,LRRL,acacacac,KIIKKIIK,RRLRRLRL,tftfftft,5
'videos/cup_drum_R.mp4','videos/die_telescope_R.mp4','videos/flower_coin_L.mp4','videos/crown_comb_L.mp4','videos/TB_compass_bell_L.mp4','videos/FB_map_L.mp4','videos/TB_pen_whistle_R.mp4','videos/FB_necklace_L.mp4','videos/FB_magnifier_tröte_L.mp4','videos/TB_sword_R.mp4','videos/FB_ball_rattle_L.mp4','videos/TB_bottle_R.mp4',KIIK,RRLL,acacacac,KIIKKIIK,LLRLLRLR,tftfftft,6
'videos/die_telescope_R.mp4','videos/flower_coin_L.mp4','videos/crown_comb_L.mp4','videos/cup_drum_R.mp4','videos/TB_compass_bell_L.mp4','videos/FB_necklace_R.mp4','videos/TB_pen_whistle_R.mp4','videos/FB_sword_L.mp4','videos/FB_magnifier_tröte_R.mp4','videos/TB_bottle_R.mp4','videos/FB_ball_rattle_L.mp4','videos/TB_map_R.mp4',KIIK,RLLR,acacacac,KIIKKIIK,LRRLRRLR,tftfftft,7
'videos/flower_coin_L.mp4','videos/crown_comb_L.mp4','videos/cup_drum_R.mp4','videos/die_telescope_R.mp4','videos/TB_compass_bell_R.mp4','videos/FB_sword_L.mp4','videos/TB_pen_whistle_L.mp4','videos/FB_bottle_R.mp4','videos/FB_magnifier_tröte_L.mp4','videos/TB_map_L.mp4','videos/FB_ball_rattle_L.mp4','videos/TB_necklace_R.mp4',KIIK,LLRR,acacacac,KIIKKIIK,RLLRLLLR,tftfftft,8
'videos/crown_comb_L.mp4','videos/cup_drum_R.mp4','videos/die_telescope_R.mp4','videos/flower_coin_L.mp4','videos/TB_pen_whistle_R.mp4','videos/FB_bottle_R.mp4','videos/TB_ball_rattle_L.mp4','videos/FB_map_L.mp4','videos/FB_compass_bell_L.mp4','videos/TB_necklace_R.mp4','videos/FB_magnifier_tröte_R.mp4','videos/TB_sword_L.mp4',IKKI,LRRL,acacacac,IKKIIKKI,RRLLLRRL,tftfftft,9
'videos/cup_drum_R.mp4','videos/die_telescope_R.mp4','videos/flower_coin_L.mp4','videos/crown_comb_L.mp4','videos/TB_pen_whistle_L.mp4','videos/FB_map_L.mp4','videos/TB_ball_rattle_R.mp4','videos/FB_necklace_R.mp4','videos/FB_compass_bell_R.mp4','videos/TB_sword_L.mp4','videos/FB_magnifier_tröte_L.mp4','videos/TB_bottle_R.mp4',IKKI,RRLL,acacacac,IKKIIKKI,LLRRRLLR,tftfftft,10
'videos/die_telescope_R.mp4','videos/flower_coin_L.mp4','videos/crown_comb_L.mp4','videos/cup_drum_R.mp4','videos/TB_pen_whistle_L.mp4','videos/FB_necklace_R.mp4','videos/TB_ball_rattle_R.mp4','videos/FB_sword_R.mp4','videos/FB_compass_bell_L.mp4','videos/TB_bottle_L.mp4','videos/FB_magnifier_tröte_R.mp4','videos/TB_map_L.mp4',IKKI,RLLR,acacacac,IKKIIKKI,LRRRLLRL,tftfftft,11
'videos/flower_coin_L.mp4','videos/crown_comb_L.mp4','videos/cup_drum_R.mp4','videos/die_telescope_R.mp4','videos/TB_pen_whistle_R.mp4','videos/FB_sword_L.mp4','videos/TB_ball_rattle_L.mp4','videos/FB_bottle_L.mp4','videos/FB_compass_bell_R.mp4','videos/TB_map_R.mp4','videos/FB_magnifier_tröte_R.mp4','videos/TB_necklace_L.mp4',IKKI,LLRR,acacacac,IKKIIKKI,RLLLRRRL,tftfftft,12
'videos/crown_comb_L.mp4','videos/cup_drum_R.mp4','videos/die_telescope_R.mp4','videos/flower_coin_L.mp4','videos/TB_magnifier_tröte_R.mp4','videos/FB_bottle_R.mp4','videos/TB_compass_bell_L.mp4','videos/FB_map_R.mp4','videos/FB_ball_rattle_R.mp4','videos/TB_necklace_L.mp4','videos/FB_pen_whistle_R.mp4','videos/TB_sword_L.mp4',KIIK,LRRL,acacacac,IKKIIKKI,RRLRRLRL,tftfftft,13
'videos/cup_drum_R.mp4','videos/die_telescope_R.mp4','videos/flower_coin_L.mp4','videos/crown_comb_L.mp4','videos/TB_magnifier_tröte_L.mp4','videos/FB_map_L.mp4','videos/TB_compass_bell_R.mp4','videos/FB_necklace_L.mp4','videos/FB_ball_rattle_L.mp4','videos/TB_sword_R.mp4','videos/FB_pen_whistle_L.mp4','videos/TB_bottle_R.mp4',KIIK,RRLL,acacacac,IKKIIKKI,LLRLLRLR,tftfftft,14
'videos/die_telescope_R.mp4','videos/flower_coin_L.mp4','videos/crown_comb_L.mp4','videos/cup_drum_R.mp4','videos/TB_magnifier_tröte_L.mp4','videos/FB_necklace_R.mp4','videos/TB_compass_bell_R.mp4','videos/FB_sword_L.mp4','videos/FB_ball_rattle_R.mp4','videos/TB_bottle_R.mp4','videos/FB_pen_whistle_L.mp4','videos/TB_map_R.mp4',KIIK,RLLR,acacacac,IKKIIKKI,LRRLRRLR,tftfftft,15
'videos/flower_coin_L.mp4','videos/crown_comb_L.mp4','videos/cup_drum_R.mp4','videos/die_telescope_R.mp4','videos/TB_magnifier_tröte_R.mp4','videos/FB_sword_L.mp4','videos/TB_compass_bell_L.mp4','videos/FB_bottle_R.mp4','videos/FB_ball_rattle_L.mp4','videos/TB_map_L.mp4','videos/FB_pen_whistle_L.mp4','videos/TB_necklace_R.mp4',KIIK,LLRR,acacacac,IKKIIKKI,RLLRLLLR,tftfftft,16
'videos/crown_comb_L.mp4','videos/cup_drum_R.mp4','videos/die_telescope_R.mp4','videos/flower_coin_L.mp4','videos/FB_ball_rattle_R.mp4','videos/TB_bottle_R.mp4','videos/FB_magnifier_tröte_L.mp4','videos/TB_map_L.mp4','videos/TB_pen_whistle_L.mp4','videos/FB_necklace_R.mp4','videos/TB_compass_bell_R.mp4','videos/FB_sword_L.mp4',IKKI,LRRL,acacacac,KIIKKIIK,RRLLLRRL,ftfttftf,17
'videos/cup_drum_R.mp4','videos/die_telescope_R.mp4','videos/flower_coin_L.mp4','videos/crown_comb_L.mp4','videos/FB_ball_rattle_L.mp4','videos/TB_map_L.mp4','videos/FB_magnifier_tröte_R.mp4','videos/TB_necklace_R.mp4','videos/TB_pen_whistle_R.mp4','videos/FB_sword_L.mp4','videos/TB_compass_bell_L.mp4','videos/FB_bottle_R.mp4',IKKI,RRLL,acacacac,KIIKKIIK,LLRRRLLR,ftfttftf,18
'videos/die_telescope_R.mp4','videos/flower_coin_L.mp4','videos/crown_comb_L.mp4','videos/cup_drum_R.mp4','videos/FB_ball_rattle_L.mp4','videos/TB_necklace_R.mp4','videos/FB_magnifier_tröte_R.mp4','videos/TB_sword_R.mp4','videos/TB_pen_whistle_L.mp4','videos/FB_bottle_L.mp4','videos/TB_compass_bell_R.mp4','videos/FB_map_L.mp4',IKKI,RLLR,acacacac,KIIKKIIK,LRRRLLRL,ftfttftf,19
'videos/flower_coin_L.mp4','videos/crown_comb_L.mp4','videos/cup_drum_R.mp4','videos/die_telescope_R.mp4','videos/FB_ball_rattle_R.mp4','videos/TB_sword_L.mp4','videos/FB_magnifier_tröte_L.mp4','videos/TB_bottle_L.mp4','videos/TB_pen_whistle_R.mp4','videos/FB_map_R.mp4','videos/TB_compass_bell_R.mp4','videos/FB_necklace_L.mp4',IKKI,LLRR,acacacac,KIIKKIIK,RLLLRRRL,ftfttftf,20
'videos/crown_comb_L.mp4','videos/cup_drum_R.mp4','videos/die_telescope_R.mp4','videos/flower_coin_L.mp4','videos/FB_compass_bell_R.mp4','videos/TB_bottle_R.mp4','videos/FB_pen_whistle_L.mp4','videos/TB_map_R.mp4','videos/TB_magnifier_tröte_R.mp4','videos/FB_necklace_L.mp4','videos/TB_ball_rattle_R.mp4','videos/FB_sword_L.mp4',KIIK,LRRL,acacacac,KIIKKIIK,RRLRRLRL,ftfttftf,21
'videos/cup_drum_R.mp4','videos/die_telescope_R.mp4','videos/flower_coin_L.mp4','videos/crown_comb_L.mp4','videos/FB_compass_bell_L.mp4','videos/TB_map_L.mp4','videos/FB_pen_whistle_R.mp4','videos/TB_necklace_L.mp4','videos/TB_magnifier_tröte_L.mp4','videos/FB_sword_R.mp4','videos/TB_ball_rattle_L.mp4','videos/FB_bottle_R.mp4',KIIK,RRLL,acacacac,KIIKKIIK,LLRLLRLR,ftfttftf,22
'videos/die_telescope_R.mp4','videos/flower_coin_L.mp4','videos/crown_comb_L.mp4','videos/cup_drum_R.mp4','videos/FB_compass_bell_L.mp4','videos/TB_necklace_R.mp4','videos/FB_pen_whistle_R.mp4','videos/TB_sword_L.mp4','videos/TB_magnifier_tröte_R.mp4','videos/FB_bottle_R.mp4','videos/TB_ball_rattle_L.mp4','videos/FB_map_R.mp4',KIIK,RLLR,acacacac,KIIKKIIK,LRRLRRLR,ftfttftf,23
'videos/flower_coin_L.mp4','videos/crown_comb_L.mp4','videos/cup_drum_R.mp4','videos/die_telescope_R.mp4','videos/FB_compass_bell_R.mp4','videos/TB_sword_L.mp4','videos/FB_pen_whistle_L.mp4','videos/TB_bottle_R.mp4','videos/TB_magnifier_tröte_L.mp4','videos/FB_map_L.mp4','videos/TB_ball_rattle_L.mp4','videos/FB_necklace_R.mp4',KIIK,LLRR,acacacac,KIIKKIIK,RLLRLLLR,ftfttftf,24
'videos/crown_comb_L.mp4','videos/cup_drum_R.mp4','videos/die_telescope_R.mp4','videos/flower_coin_L.mp4','videos/FB_pen_whistle_R.mp4','videos/TB_bottle_R.mp4','videos/FB_ball_rattle_L.mp4','videos/TB_map_L.mp4','videos/TB_compass_bell_L.mp4','videos/FB_necklace_R.mp4','videos/TB_magnifier_tröte_R.mp4','videos/FB_sword_L.mp4',IKKI,LRRL,acacacac,IKKIIKKI,RRLLLRRL,ftfttftf,25
'videos/cup_drum_R.mp4','videos/die_telescope_R.mp4','videos/flower_coin_L.mp4','videos/crown_comb_L.mp4','videos/FB_pen_whistle_L.mp4','videos/TB_map_L.mp4','videos/FB_ball_rattle_R.mp4','videos/TB_necklace_R.mp4','videos/TB_compass_bell_R.mp4','videos/FB_sword_L.mp4','videos/TB_magnifier_tröte_L.mp4','videos/FB_bottle_R.mp4',IKKI,RRLL,acacacac,IKKIIKKI,LLRRRLLR,ftfttftf,26
'videos/die_telescope_R.mp4','videos/flower_coin_L.mp4','videos/crown_comb_L.mp4','videos/cup_drum_R.mp4','videos/FB_pen_whistle_L.mp4','videos/TB_necklace_R.mp4','videos/FB_ball_rattle_R.mp4','videos/TB_sword_R.mp4','videos/TB_compass_bell_L.mp4','videos/FB_bottle_L.mp4','videos/TB_magnifier_tröte_R.mp4','videos/FB_map_L.mp4',IKKI,RLLR,acacacac,IKKIIKKI,LRRRLLRL,ftfttftf,27
'videos/flower_coin_L.mp4','videos/crown_comb_L.mp4','videos/cup_drum_R.mp4','videos/die_telescope_R.mp4','videos/FB_pen_whistle_R.mp4','videos/TB_sword_L.mp4','videos/FB_ball_rattle_L.mp4','videos/TB_bottle_L.mp4','videos/TB_compass_bell_R.mp4','videos/FB_map_R.mp4','videos/TB_magnifier_tröte_R.mp4','videos/FB_necklace_L.mp4',IKKI,LLRR,acacacac,IKKIIKKI,RLLLRRRL,ftfttftf,28
'videos/crown_comb_L.mp4','videos/cup_drum_R.mp4','videos/die_telescope_R.mp4','videos/flower_coin_L.mp4','videos/FB_magnifier_tröte_R.mp4','videos/TB_bottle_R.mp4','videos/FB_compass_bell_L.mp4','videos/TB_map_R.mp4','videos/TB_ball_rattle_R.mp4','videos/FB_necklace_L.mp4','videos/TB_pen_whistle_R.mp4','videos/FB_sword_L.mp4',KIIK,LRRL,acacacac,IKKIIKKI,RRLRRLRL,ftfttftf,29
'videos/cup_drum_R.mp4','videos/die_telescope_R.mp4','videos/flower_coin_L.mp4','videos/crown_comb_L.mp4','videos/FB_magnifier_tröte_L.mp4','videos/TB_map_L.mp4','videos/FB_compass_bell_R.mp4','videos/TB_necklace_L.mp4','videos/TB_ball_rattle_L.mp4','videos/FB_sword_R.mp4','videos/TB_pen_whistle_L.mp4','videos/FB_bottle_R.mp4',KIIK,RRLL,acacacac,IKKIIKKI,LLRLLRLR,ftfttftf,30
'videos/die_telescope_R.mp4','videos/flower_coin_L.mp4','videos/crown_comb_L.mp4','videos/cup_drum_R.mp4','videos/FB_magnifier_tröte_L.mp4','videos/TB_necklace_R.mp4','videos/FB_compass_bell_R.mp4','videos/TB_sword_L.mp4','videos/TB_ball_rattle_R.mp4','videos/FB_bottle_R.mp4','videos/TB_pen_whistle_L.mp4','videos/FB_map_R.mp4',KIIK,RLLR,acacacac,IKKIIKKI,LRRLRRLR,ftfttftf,31
'videos/flower_coin_L.mp4','videos/crown_comb_L.mp4','videos/cup_drum_R.mp4','videos/die_telescope_R.mp4','videos/FB_magnifier_tröte_R.mp4','videos/TB_sword_L.mp4','videos/FB_compass_bell_L.mp4','videos/TB_bottle_R.mp4','videos/TB_ball_rattle_L.mp4','videos/FB_map_L.mp4','videos/TB_pen_whistle_L.mp4','videos/FB_necklace_R.mp4',KIIK,LLRR,acacacac,IKKIIKKI,RLLRLLLR,ftfttftf,32
'videos/crown_comb_L.mp4','videos/cup_drum_R.mp4','videos/die_telescope_R.mp4','videos/flower_coin_L.mp4','videos/TB_bottle_R.mp4','videos/FB_ball_rattle_R.mp4','videos/TB_map_L.mp4','videos/FB_magnifier_tröte_L.mp4','videos/FB_necklace_L.mp4','videos/TB_pen_whistle_R.mp4','videos/FB_sword_R.mp4','videos/TB_compass_bell_L.mp4',IKKI,LRRL,cacacaca,KIIKKIIK,RRLLLRRL,tftfftft,33
'videos/cup_drum_R.mp4','videos/die_telescope_R.mp4','videos/flower_coin_L.mp4','videos/crown_comb_L.mp4','videos/TB_map_L.mp4','videos/FB_ball_rattle_L.mp4','videos/TB_necklace_R.mp4','videos/FB_magnifier_tröte_R.mp4','videos/FB_sword_R.mp4','videos/TB_pen_whistle_L.mp4','videos/FB_bottle_L.mp4','videos/TB_compass_bell_R.mp4',IKKI,RRLL,cacacaca,KIIKKIIK,LLRRRLLR,tftfftft,34
'videos/die_telescope_R.mp4','videos/flower_coin_L.mp4','videos/crown_comb_L.mp4','videos/cup_drum_R.mp4','videos/TB_necklace_L.mp4','videos/FB_ball_rattle_R.mp4','videos/TB_sword_R.mp4','videos/FB_magnifier_tröte_R.mp4','videos/FB_bottle_L.mp4','videos/TB_pen_whistle_L.mp4','videos/FB_map_R.mp4','videos/TB_compass_bell_L.mp4',IKKI,RLLR,cacacaca,KIIKKIIK,LRRRLLRL,tftfftft,35
'videos/flower_coin_L.mp4','videos/crown_comb_L.mp4','videos/cup_drum_R.mp4','videos/die_telescope_R.mp4','videos/TB_sword_R.mp4','videos/FB_ball_rattle_L.mp4','videos/TB_bottle_L.mp4','videos/FB_magnifier_tröte_L.mp4','videos/FB_map_R.mp4','videos/TB_pen_whistle_R.mp4','videos/FB_necklace_R.mp4','videos/TB_compass_bell_L.mp4',IKKI,LLRR,cacacaca,KIIKKIIK,RLLLRRRL,tftfftft,36
'videos/crown_comb_L.mp4','videos/cup_drum_R.mp4','videos/die_telescope_R.mp4','videos/flower_coin_L.mp4','videos/TB_bottle_R.mp4','videos/FB_compass_bell_R.mp4','videos/TB_map_L.mp4','videos/FB_pen_whistle_R.mp4','videos/FB_necklace_R.mp4','videos/TB_magnifier_tröte_L.mp4','videos/FB_sword_R.mp4','videos/TB_ball_rattle_L.mp4',KIIK,LRRL,cacacaca,KIIKKIIK,RRLRRLRL,tftfftft,37
'videos/cup_drum_R.mp4','videos/die_telescope_R.mp4','videos/flower_coin_L.mp4','videos/crown_comb_L.mp4','videos/TB_map_L.mp4','videos/FB_compass_bell_L.mp4','videos/TB_necklace_R.mp4','videos/FB_pen_whistle_L.mp4','videos/FB_sword_L.mp4','videos/TB_magnifier_tröte_R.mp4','videos/FB_bottle_L.mp4','videos/TB_ball_rattle_R.mp4',KIIK,RRLL,cacacaca,KIIKKIIK,LLRLLRLR,tftfftft,38
'videos/die_telescope_R.mp4','videos/flower_coin_L.mp4','videos/crown_comb_L.mp4','videos/cup_drum_R.mp4','videos/TB_necklace_L.mp4','videos/FB_compass_bell_R.mp4','videos/TB_sword_R.mp4','videos/FB_pen_whistle_L.mp4','videos/FB_bottle_R.mp4','videos/TB_magnifier_tröte_R.mp4','videos/FB_map_L.mp4','videos/TB_ball_rattle_R.mp4',KIIK,RLLR,cacacaca,KIIKKIIK,LRRLRRLR,tftfftft,39
'videos/flower_coin_L.mp4','videos/crown_comb_L.mp4','videos/cup_drum_R.mp4','videos/die_telescope_R.mp4','videos/TB_sword_R.mp4','videos/FB_compass_bell_L.mp4','videos/TB_bottle_L.mp4','videos/FB_pen_whistle_R.mp4','videos/FB_map_L.mp4','videos/TB_magnifier_tröte_L.mp4','videos/FB_necklace_L.mp4','videos/TB_ball_rattle_R.mp4',KIIK,LLRR,cacacaca,KIIKKIIK,RLLRLLLR,tftfftft,40
'videos/crown_comb_L.mp4','videos/cup_drum_R.mp4','videos/die_telescope_R.mp4','videos/flower_coin_L.mp4','videos/TB_bottle_R.mp4','videos/FB_pen_whistle_R.mp4','videos/TB_map_L.mp4','videos/FB_ball_rattle_L.mp4','videos/FB_necklace_L.mp4','videos/TB_compass_bell_R.mp4','videos/FB_sword_R.mp4','videos/TB_magnifier_tröte_L.mp4',IKKI,LRRL,cacacaca,IKKIIKKI,RRLLLRRL,tftfftft,41
'videos/cup_drum_R.mp4','videos/die_telescope_R.mp4','videos/flower_coin_L.mp4','videos/crown_comb_L.mp4','videos/TB_map_L.mp4','videos/FB_pen_whistle_L.mp4','videos/TB_necklace_R.mp4','videos/FB_ball_rattle_R.mp4','videos/FB_sword_R.mp4','videos/TB_compass_bell_L.mp4','videos/FB_bottle_L.mp4','videos/TB_magnifier_tröte_R.mp4',IKKI,RRLL,cacacaca,IKKIIKKI,LLRRRLLR,tftfftft,42
'videos/die_telescope_R.mp4','videos/flower_coin_L.mp4','videos/crown_comb_L.mp4','videos/cup_drum_R.mp4','videos/TB_necklace_L.mp4','videos/FB_pen_whistle_R.mp4','videos/TB_sword_R.mp4','videos/FB_ball_rattle_R.mp4','videos/FB_bottle_L.mp4','videos/TB_compass_bell_L.mp4','videos/FB_map_R.mp4','videos/TB_magnifier_tröte_L.mp4',IKKI,RLLR,cacacaca,IKKIIKKI,LRRRLLRL,tftfftft,43
'videos/flower_coin_L.mp4','videos/crown_comb_L.mp4','videos/cup_drum_R.mp4','videos/die_telescope_R.mp4','videos/TB_sword_R.mp4','videos/FB_pen_whistle_L.mp4','videos/TB_bottle_L.mp4','videos/FB_ball_rattle_L.mp4','videos/FB_map_R.mp4','videos/TB_compass_bell_R.mp4','videos/FB_necklace_R.mp4','videos/TB_magnifier_tröte_L.mp4',IKKI,LLRR,cacacaca,IKKIIKKI,RLLLRRRL,tftfftft,44
'videos/crown_comb_L.mp4','videos/cup_drum_R.mp4','videos/die_telescope_R.mp4','videos/flower_coin_L.mp4','videos/TB_bottle_R.mp4','videos/FB_magnifier_tröte_R.mp4','videos/TB_map_L.mp4','videos/FB_compass_bell_R.mp4','videos/FB_necklace_R.mp4','videos/TB_ball_rattle_L.mp4','videos/FB_sword_R.mp4','videos/TB_pen_whistle_L.mp4',KIIK,LRRL,cacacaca,IKKIIKKI,RRLRRLRL,tftfftft,45
'videos/cup_drum_R.mp4','videos/die_telescope_R.mp4','videos/flower_coin_L.mp4','videos/crown_comb_L.mp4','videos/TB_map_L.mp4','videos/FB_magnifier_tröte_L.mp4','videos/TB_necklace_R.mp4','videos/FB_compass_bell_L.mp4','videos/FB_sword_L.mp4','videos/TB_ball_rattle_R.mp4','videos/FB_bottle_L.mp4','videos/TB_pen_whistle_R.mp4',KIIK,RRLL,cacacaca,IKKIIKKI,LLRLLRLR,tftfftft,46
'videos/die_telescope_R.mp4','videos/flower_coin_L.mp4','videos/crown_comb_L.mp4','videos/cup_drum_R.mp4','videos/TB_necklace_L.mp4','videos/FB_magnifier_tröte_R.mp4','videos/TB_sword_R.mp4','videos/FB_compass_bell_L.mp4','videos/FB_bottle_R.mp4','videos/TB_ball_rattle_R.mp4','videos/FB_map_L.mp4','videos/TB_pen_whistle_R.mp4',KIIK,RLLR,cacacaca,IKKIIKKI,LRRLRRLR,tftfftft,47
'videos/flower_coin_L.mp4','videos/crown_comb_L.mp4','videos/cup_drum_R.mp4','videos/die_telescope_R.mp4','videos/TB_sword_R.mp4','videos/FB_magnifier_tröte_L.mp4','videos/TB_bottle_L.mp4','videos/FB_compass_bell_R.mp4','videos/FB_map_L.mp4','videos/TB_ball_rattle_L.mp4','videos/FB_necklace_L.mp4','videos/TB_pen_whistle_R.mp4',KIIK,LLRR,cacacaca,IKKIIKKI,RLLRLLLR,tftfftft,48
'videos/crown_comb_L.mp4','videos/cup_drum_R.mp4','videos/die_telescope_R.mp4','videos/flower_coin_L.mp4','videos/FB_bottle_R.mp4','videos/TB_ball_rattle_R.mp4','videos/FB_map_L.mp4','videos/TB_magnifier_tröte_L.mp4','videos/TB_necklace_L.mp4','videos/FB_pen_whistle_R.mp4','videos/TB_sword_R.mp4','videos/FB_compass_bell_L.mp4',IKKI,LRRL,cacacaca,KIIKKIIK,RRLLLRRL,ftfttftf,49
'videos/cup_drum_R.mp4','videos/die_telescope_R.mp4','videos/flower_coin_L.mp4','videos/crown_comb_L.mp4','videos/FB_map_L.mp4','videos/TB_ball_rattle_L.mp4','videos/FB_necklace_R.mp4','videos/TB_magnifier_tröte_R.mp4','videos/TB_sword_R.mp4','videos/FB_pen_whistle_L.mp4','videos/TB_bottle_L.mp4','videos/FB_compass_bell_R.mp4',IKKI,RRLL,cacacaca,KIIKKIIK,LLRRRLLR,ftfttftf,50
'videos/die_telescope_R.mp4','videos/flower_coin_L.mp4','videos/crown_comb_L.mp4','videos/cup_drum_R.mp4','videos/FB_necklace_L.mp4','videos/TB_ball_rattle_R.mp4','videos/FB_sword_R.mp4','videos/TB_magnifier_tröte_R.mp4','videos/TB_bottle_L.mp4','videos/FB_pen_whistle_L.mp4','videos/TB_map_R.mp4','videos/FB_compass_bell_L.mp4',IKKI,RLLR,cacacaca,KIIKKIIK,LRRRLLRL,ftfttftf,51
'videos/flower_coin_L.mp4','videos/crown_comb_L.mp4','videos/cup_drum_R.mp4','videos/die_telescope_R.mp4','videos/FB_sword_R.mp4','videos/TB_ball_rattle_L.mp4','videos/FB_bottle_L.mp4','videos/TB_magnifier_tröte_L.mp4','videos/TB_map_R.mp4','videos/FB_pen_whistle_R.mp4','videos/TB_necklace_R.mp4','videos/FB_compass_bell_L.mp4',IKKI,LLRR,cacacaca,KIIKKIIK,RLLLRRRL,ftfttftf,52
'videos/crown_comb_L.mp4','videos/cup_drum_R.mp4','videos/die_telescope_R.mp4','videos/flower_coin_L.mp4','videos/FB_bottle_R.mp4','videos/TB_compass_bell_R.mp4','videos/FB_map_L.mp4','videos/TB_pen_whistle_R.mp4','videos/TB_necklace_R.mp4','videos/FB_magnifier_tröte_L.mp4','videos/TB_sword_R.mp4','videos/FB_ball_rattle_L.mp4',KIIK,LRRL,cacacaca,KIIKKIIK,RRLRRLRL,ftfttftf,53
'videos/cup_drum_R.mp4','videos/die_telescope_R.mp4','videos/flower_coin_L.mp4','videos/crown_comb_L.mp4','videos/FB_map_L.mp4','videos/TB_compass_bell_L.mp4','videos/FB_necklace_R.mp4','videos/TB_pen_whistle_L.mp4','videos/TB_sword_L.mp4','videos/FB_magnifier_tröte_R.mp4','videos/TB_bottle_L.mp4','videos/FB_ball_rattle_R.mp4',KIIK,RRLL,cacacaca,KIIKKIIK,LLRLLRLR,ftfttftf,54
'videos/die_telescope_R.mp4','videos/flower_coin_L.mp4','videos/crown_comb_L.mp4','videos/cup_drum_R.mp4','videos/FB_necklace_L.mp4','videos/TB_compass_bell_R.mp4','videos/FB_sword_R.mp4','videos/TB_pen_whistle_L.mp4','videos/TB_bottle_R.mp4','videos/FB_magnifier_tröte_R.mp4','videos/TB_map_L.mp4','videos/FB_ball_rattle_R.mp4',KIIK,RLLR,cacacaca,KIIKKIIK,LRRLRRLR,ftfttftf,55
'videos/flower_coin_L.mp4','videos/crown_comb_L.mp4','videos/cup_drum_R.mp4','videos/die_telescope_R.mp4','videos/FB_sword_R.mp4','videos/TB_compass_bell_L.mp4','videos/FB_bottle_L.mp4','videos/TB_pen_whistle_R.mp4','videos/TB_map_L.mp4','videos/FB_magnifier_tröte_L.mp4','videos/TB_necklace_L.mp4','videos/FB_ball_rattle_R.mp4',KIIK,LLRR,cacacaca,KIIKKIIK,RLLRLLLR,ftfttftf,56
'videos/crown_comb_L.mp4','videos/cup_drum_R.mp4','videos/die_telescope_R.mp4','videos/flower_coin_L.mp4','videos/FB_bottle_R.mp4','videos/TB_pen_whistle_R.mp4','videos/FB_map_L.mp4','videos/TB_ball_rattle_L.mp4','videos/TB_necklace_L.mp4','videos/FB_compass_bell_R.mp4','videos/TB_sword_R.mp4','videos/FB_magnifier_tröte_L.mp4',IKKI,LRRL,cacacaca,IKKIIKKI,RRLLLRRL,ftfttftf,57
'videos/cup_drum_R.mp4','videos/die_telescope_R.mp4','videos/flower_coin_L.mp4','videos/crown_comb_L.mp4','videos/FB_map_L.mp4','videos/TB_pen_whistle_L.mp4','videos/FB_necklace_R.mp4','videos/TB_ball_rattle_R.mp4','videos/TB_sword_R.mp4','videos/FB_compass_bell_L.mp4','videos/TB_bottle_L.mp4','videos/FB_magnifier_tröte_R.mp4',IKKI,RRLL,cacacaca,IKKIIKKI,LLRRRLLR,ftfttftf,58
'videos/die_telescope_R.mp4','videos/flower_coin_L.mp4','videos/crown_comb_L.mp4','videos/cup_drum_R.mp4','videos/FB_necklace_L.mp4','videos/TB_pen_whistle_R.mp4','videos/FB_sword_R.mp4','videos/TB_ball_rattle_R.mp4','videos/TB_bottle_L.mp4','videos/FB_compass_bell_L.mp4','videos/TB_map_R.mp4','videos/FB_magnifier_tröte_L.mp4',IKKI,RLLR,cacacaca,IKKIIKKI,LRRRLLRL,ftfttftf,59
'videos/flower_coin_L.mp4','videos/crown_comb_L.mp4','videos/cup_drum_R.mp4','videos/die_telescope_R.mp4','videos/FB_sword_R.mp4','videos/TB_pen_whistle_L.mp4','videos/FB_bottle_L.mp4','videos/TB_ball_rattle_L.mp4','videos/TB_map_R.mp4','videos/FB_compass_bell_R.mp4','videos/TB_necklace_R.mp4','videos/FB_magnifier_tröte_L.mp4',IKKI,LLRR,cacacaca,IKKIIKKI,RLLLRRRL,ftfttftf,60
'videos/crown_comb_L.mp4','videos/cup_drum_R.mp4','videos/die_telescope_R.mp4','videos/flower_coin_L.mp4','videos/FB_bottle_R.mp4','videos/TB_magnifier_tröte_R.mp4','videos/FB_map_L.mp4','videos/TB_compass_bell_R.mp4','videos/TB_necklace_R.mp4','videos/FB_ball_rattle_L.mp4','videos/TB_sword_R.mp4','videos/FB_pen_whistle_L.mp4',KIIK,LRRL,cacacaca,IKKIIKKI,RRLRRLRL,ftfttftf,61
'videos/cup_drum_R.mp4','videos/die_telescope_R.mp4','videos/flower_coin_L.mp4','videos/crown_comb_L.mp4','videos/FB_map_L.mp4','videos/TB_magnifier_tröte_L.mp4','videos/FB_necklace_R.mp4','videos/TB_compass_bell_L.mp4','videos/TB_sword_L.mp4','videos/FB_ball_rattle_R.mp4','videos/TB_bottle_L.mp4','videos/FB_pen_whistle_R.mp4',KIIK,RRLL,cacacaca,IKKIIKKI,LLRLLRLR,ftfttftf,62
'videos/die_telescope_R.mp4','videos/flower_coin_L.mp4','videos/crown_comb_L.mp4','videos/cup_drum_R.mp4','videos/FB_necklace_L.mp4','videos/TB_magnifier_tröte_R.mp4','videos/FB_sword_R.mp4','videos/TB_compass_bell_L.mp4','videos/TB_bottle_R.mp4','videos/FB_ball_rattle_R.mp4','videos/TB_map_L.mp4','videos/FB_pen_whistle_R.mp4',KIIK,RLLR,cacacaca,IKKIIKKI,LRRLRRLR,ftfttftf,63
'videos/flower_coin_L.mp4','videos/crown_comb_L.mp4','videos/cup_drum_R.mp4','videos/die_telescope_R.mp4','videos/FB_sword_R.mp4','videos/TB_magnifier_tröte_L.mp4','videos/FB_bottle_L.mp4','videos/TB_compass_bell_R.mp4','videos/TB_map_L.mp4','videos/FB_ball_rattle_L.mp4','videos/TB_necklace_L.mp4','videos/FB_pen_whistle_R.mp4',KIIK,LLRR,cacacaca,IKKIIKKI,RLLRLLLR,ftfttftf,64
